,kAktDephos_Vmax,kAktPhos_kcat,kAktPhos_ki,kErkPhos_kcat1,kMekPhos_kcat1,kMekPhos_ki1,kPI3KDephosByErk,kPI3KDephosByS6K,kPI3KPhosByGF,kPI3KPhosByTGFbR_kcat,kRafPhosByPI3K_kcat,kRafPhosByTGFbR_kcat,kRafPhos_ki,kS6KDephos_Vmax,kS6KPhosBymTORC1_kcat,kSmad2PhosByAkt_kcat,kTGFbOn,kmTORC1Dephos_Vmax,kmTORC1Phos_kcat,kmTORC1Phos_ki,kpSmad2Dephos_Vmax
0,68.87735395225877,534.2298823594941,672.2155038432076,470.2758293204519,55.33040117357174,443.3373280269076,444.3058762525877,21.277075502588215,498.3946509200871,204.07242190346514,284.40588392950906,988.7508333289518,254.70419060203565,374.2459458466747,133.02055837021317,779.2217038009057,881.8844705256671,255.81275367540644,47.581604470981354,163.48039178495748,239.2251024340005
1,374.3359669133703,52.41367236240695,163.80112156232155,515.5583516851032,963.6202065197831,350.88829262295553,170.41348020084715,614.3870116887708,583.3716638333068,261.7345920805506,672.2966965921675,249.359152217852,273.3212634447171,351.0172497942028,649.425815245477,740.0044851701281,74.79639645653002,877.5970354992113,92.05444897064515,176.32444559514184,124.76136380217869
2,613.7734386556158,690.2023027470757,368.49281185606617,562.1223347620573,166.14507942227021,417.1621992739515,139.39439350724697,453.70903800513923,662.91205623171,286.32140072557013,307.75023276525144,918.4369292572338,810.8811921501914,267.646097901236,649.7506538368942,511.5131640045246,269.7748118551006,780.8022680548837,954.2070868910394,994.9915213799334,899.5832924777621
3,866.0403166422269,403.97759161909636,851.8561474465458,913.0188245657332,586.0278709589151,12.96051326703163,289.30256687978954,103.54305893198476,879.8224565504746,421.1155869144283,502.3925706752128,740.4691637756788,123.45850881010959,394.6007116978659,982.1629214314326,715.1401855078894,292.27651317467087,561.5098414429294,913.2548430096261,19.161496243849683,73.25354532762796
4,140.8411437543998,247.13341210292737,705.799887593725,403.5695524874235,424.15739281212177,793.258144276791,932.6418843421768,728.9829551424157,903.7819729969435,88.12332433346022,691.5843111669772,818.2201966352773,790.3332245353996,137.84576904875135,148.78412124607178,147.77751806506134,237.3775415240657,87.61812066558312,251.54085251935751,297.4089434974402,466.2351772621375
5,900.2898087258948,466.31506640093016,889.7102437540325,256.3523050051632,92.5319234715518,267.41434886576866,177.22406212537027,189.2010844593266,803.1473989169058,314.19926125082986,978.9850539646503,483.62438857548557,337.93218673595067,223.84886112907895,871.3026465984428,702.2711077084575,342.15109546103133,796.4364904478082,347.26572421881656,719.3304696705989,892.0787027252809
6,941.1553157870077,758.538724798138,225.15421907625762,693.8845041407769,624.7169590658598,209.84266412273067,810.5551421263361,647.8504144551872,45.435985815933556,830.8607026678181,867.8892388971385,136.43568972481953,354.757211534109,907.1302893483368,613.2374239912156,183.83267530192506,791.1104158286361,654.4617088182877,809.5651718068451,851.4366114401801,383.24383047516244
7,848.8224549390918,972.823864221904,489.83633066891343,111.09352800364223,896.4113839149771,87.94436204781357,943.0550979798835,913.2910005058279,711.6927567619227,465.2336564264941,563.0645756715361,632.0805923642854,412.96534487243974,765.020038475574,991.7636592282913,45.43900155523058,444.6025693962018,590.8990011079846,46.46394681756388,89.02050480705931,993.9288261606962
8,112.36138138700106,414.3648126230002,613.9315718926146,38.17456566889743,520.8657696551004,134.44422278178592,659.1641831251509,665.4244052362794,968.0163180233603,350.8838647950853,455.6680639965735,201.4653882998363,883.5994661037474,645.74079018083,460.50849683724226,822.4405067403789,974.8333175938911,494.22787710070804,548.1479254026523,895.8709068201517,997.87882419639
9,195.0244094314201,781.6266890981489,267.81955366773184,882.0782886227361,431.405805624315,920.9836180166287,130.49039049827698,614.1364226786256,970.3686951503179,564.2276537225724,225.34168779779435,467.3758718294304,982.8508176270993,345.2740024702175,748.163094041632,561.0672819831951,709.0551664146091,322.52221906673907,325.9035670202227,911.2197114849253,536.2225727221035
10,528.2298719570946,320.60441455295444,910.697314639505,982.3865889814451,264.55983636351937,700.5095971577001,278.6250180314659,240.75202629520683,344.34636676595926,860.2062097010987,489.92614646484407,998.0835461576786,449.46371325944403,483.4085601974103,132.94779015545058,580.8140965241261,364.52198264374556,472.41834231945455,208.52652412713027,655.8126777096232,338.6045728402898
11,664.1044009892978,161.92720828914457,292.61316345045293,292.1071170691233,758.5421944883892,778.5491539723578,897.6610754102927,788.806113259135,490.53421012655264,195.69212084349792,639.1300352382673,106.5509264452227,166.57487701159354,613.625888041254,955.4897778306557,453.460224083769,599.4120670114467,689.5559804372787,827.2518881687411,854.9008795965082,267.99770928991984
12,256.78564222120565,269.60677767064783,587.9861761559499,353.3239765538002,280.15137911927985,304.92618638725463,813.0661798241106,746.5194618257711,741.6338528067415,520.6017257209089,46.488520817714054,670.7671116252841,810.9742949866845,287.927746446377,201.70808842829294,177.47851377687985,40.283779913920114,342.84273317119073,425.2440786249143,576.0870900281435,913.4605698384206
13,947.2688207755625,3.7865908395700885,681.4162459270199,964.9312239881057,750.0539260396068,962.4398252270568,808.6517423835481,900.6348927065926,131.1778296535064,462.45921631755243,342.0840735368681,334.8659443947437,337.728674507669,436.9665487274361,464.135964426533,578.6908304468808,187.9177805060892,62.06104765412628,623.2961639040591,16.297224688651056,230.17602922211682
14,538.2967652862942,851.6775668898663,139.46241431612088,360.91770744964174,94.17824256966917,610.9638890611105,117.18231475647961,482.93410052018123,667.8891831932104,682.7689776138902,121.2271061025654,742.0834853223798,670.2000615717225,23.03447868490328,106.03418026859694,933.5763053265166,217.80105701431623,408.3841051676862,956.8117737040415,641.561267390149,659.9304381863931
15,975.0901946629392,87.88313463798774,205.58312304698364,809.4185972307844,439.2147561267566,133.60743255033682,853.0265286774626,564.9243968430347,107.71687517107875,185.21662234882558,975.852413829655,854.2524762626396,648.0918046712673,629.1480886203722,938.8196182283973,593.048778014127,462.68828020968954,215.80187842468425,45.18445144107862,944.762249837833,629.3103119041689
16,751.844163745448,803.4551837679384,830.5520810907416,13.630471661394203,128.82354288667744,486.5912449640179,369.4782094933052,757.0167917061024,752.3619622899798,736.07715966601,21.722744535119485,33.895069980929655,622.312987786752,450.4163863671814,407.46932526960177,890.714389084672,453.53801539652005,523.0858626737539,290.9653224440922,563.1425306386291,982.5222370171722
17,188.1812325952389,654.2625906641484,312.21675006304514,891.5704556483406,869.8194568313017,944.5419349665575,278.4646108101327,706.8834359884908,515.2011680704409,200.5631546948892,991.4461871529732,19.337107757256618,578.6406287785942,798.1734912000397,22.211097703964047,330.5588065878778,602.6621604258578,363.04001970220673,314.4983674457091,221.73100570271794,756.257679721469
18,87.03261256278077,442.17388692387493,420.3674184210399,488.37303472277944,756.080469394723,996.9402949183286,233.54688380417147,415.4747435401811,666.9916688599917,392.95779241216616,30.678748599393337,1.538379267062773,970.361010574956,310.4716696729863,391.1901443297277,950.66785488356,599.9261951970236,622.6937638727383,162.64127631524443,768.4228818687803,94.53892543440959
19,243.3776725323114,456.68749529601547,674.0022570521891,872.8741315838466,958.5920075270378,883.8997821019475,96.86877345028917,524.6879435737147,465.92275608095974,726.4869360541422,75.46502125350995,439.81036384250007,673.9697298284598,493.01372280153186,218.0461702516122,759.2639837467182,942.355222882403,718.3853688266727,326.56859608237943,710.4432370640517,718.7687054486331
20,477.55115192240305,386.52775699798156,382.9274422504305,699.83896023903,19.098155250752278,368.52529191774624,575.3250943509373,699.1005102907313,324.0725073865719,631.9754097573971,371.42668389012715,637.4971132683584,419.9088781914552,165.9102394245411,956.5001592562105,76.65229447164302,445.35596416416814,942.1863503441532,212.3392081771612,767.283008172895,321.84398131576984
21,813.603260170226,740.3954508626025,583.8445974827727,162.14337258497346,886.7721890460083,688.2887368971069,577.4330743905846,979.2254856691089,210.3727384123386,240.55113300318428,628.497600828045,421.06811994636666,770.5405284055063,624.0952994281547,389.09535625538695,520.5169771875801,634.8280337296002,190.14613551893464,774.5950277787308,817.9661260640927,170.96820623838616
22,664.4280144104123,780.0152374374703,148.8696282506082,953.2778733796604,322.94260307914556,498.24243714139624,539.1512010990753,450.48141514834157,77.68615046020466,618.4232946950159,581.7248151365216,847.2053362708543,840.0878611137448,452.9598259482971,569.5804434564221,130.30251803299063,754.0967800929747,104.0159362100438,57.53797643877425,768.2853500936111,602.1661917229042
23,936.5293652871535,993.2932098057294,81.78312941036327,120.15659001396769,826.845049830337,281.4100762937813,789.3649957823255,527.5878946591221,598.6163165183341,482.5080445841423,568.8996187560199,208.6322078074994,467.13453599634545,280.3292807769836,936.7856910389271,721.1493168700883,99.7015302806532,201.97340252821112,108.1129348107585,531.8917711334559,742.5148773679804
24,53.251566588627085,556.621678373078,198.47440086773923,422.0366311057674,235.71881849418529,215.65800662982235,383.6916939565496,961.2360921048148,685.2930238206771,739.073283764,642.4422102060215,228.66622162798353,982.7192134265829,139.2417960659585,948.4158371433338,56.22588864679821,999.0631576489176,322.31009218187216,429.02928661049253,283.3130318919105,228.54283000811026
25,331.1727187216001,348.8078425377171,334.1690213992346,648.7036333835651,769.0400352277326,503.4408925412695,3.230053721927325,267.9541078645547,856.780526999826,227.09793015102835,666.8751813297893,267.85462221114125,502.35659031483306,862.5429345919985,369.7776110385899,934.5613546090622,589.2517028691727,233.1121259352738,733.524188348939,342.31616578054036,126.78935587934433
26,368.5242697607727,783.7186307882458,558.6907040817711,497.10907774493495,102.37143633350698,849.7181892278859,213.8747933840273,393.6313828320967,141.76311418550156,955.1918723730415,371.8580039167511,446.9848433512158,866.00347798875,518.1075182233279,944.1805442625455,213.0182573484335,731.5425382005456,810.7304433531676,785.1388592199849,247.22791859061888,787.806513170272
27,62.13161390568977,425.4894080266822,643.5134529062557,927.2388551254613,627.4331068924832,61.68749954315184,993.0869116248797,223.08753298777842,790.8953872384029,573.3816229451897,393.99519812693353,442.3765549364634,686.7857921464173,884.930394686265,985.6711086781528,230.58658470445428,280.6200858264427,452.80947242814915,855.930337130681,859.4252186618958,207.42109739012224
28,858.4201772393758,867.4106388790236,210.07886242707255,247.93478809585696,887.4892028281366,852.8169441023766,536.5201109024482,998.7310193532994,209.35235075155478,673.0434413266714,910.1382855893738,413.48438536204316,757.7659275474224,297.0593701092283,342.07279462641816,774.3425934177325,161.88050488772842,550.3490786618571,618.5200322772148,11.036150495269913,335.38030277313754
29,501.7314793616432,734.3697315549575,582.9452449978692,955.5141094069485,778.0337039768368,411.8198342452736,706.6125888235125,826.7231628854347,332.6638445615142,350.5395622430533,688.6777910181772,595.160185227255,87.22255404298383,345.7544638128151,937.8087390384021,379.5876272864081,542.3678973954459,159.09756920628578,166.55460408750383,583.3934837899586,267.47128191103724
0,26.15533575927719,514.0467986076742,155.85597063493393,799.3772031265455,231.77314957427944,79.74102032990254,216.64993921703734,874.5067269456281,381.3024569586225,107.46029298601754,867.7936893649714,817.7748855441632,768.4066571770376,34.674502554325066,85.71798453828508,958.3654636735425,396.51926118243597,890.1710574554112,47.92428672324255,299.9463330517625,899.4795914906175
1,720.2666427898914,648.2103497827458,132.02302357561453,12.301772489193597,430.62172315331696,626.4362211311785,819.0718987946206,393.28930158431365,896.6620744251372,83.3489635715704,719.5110617653177,264.9747268269251,274.8304338216025,232.2371677339822,52.54699042865745,775.083989978702,418.33798804657533,417.5626167368758,323.0380853281042,484.30593862274867,652.605818542672
2,920.9314444499238,853.2720902766291,575.5582351513854,331.94418514541724,650.5464598114571,840.5401787503022,761.7644468884337,463.4811859868731,181.9177862657144,251.53422066976378,503.3899173649351,706.3587499083721,260.1455780768135,844.5259275019694,426.3515653361187,986.2020189181256,348.3606002022592,879.0819050750312,650.8550395098781,776.9037278544325,644.9399265313103
3,80.41089002579069,202.21477680527613,15.927596930519247,418.97026541489,458.9797925279241,841.4219013711158,521.2498102780689,318.51618827220153,585.4133998170522,494.6900084692526,268.19814491386023,972.0437996677538,874.0266532663763,677.5006523903883,833.9348215763442,256.9013908004105,285.7221422073794,13.900582996564117,272.87053038516,434.1252377470357,699.0797962443465
4,879.9470860731271,535.0169581334578,277.7337168824821,978.7873335712806,65.65648526420912,424.22869178145845,178.42957901960676,366.88121785970327,656.105785331444,429.95239483148015,586.978622328093,96.67637455767148,404.8961784300865,559.8843699767375,912.388154776032,150.91977133961498,275.2218035409795,655.3150240766456,208.1418681482842,270.89198977588967,711.0667398412912
5,861.9576478417163,544.6577447991634,142.42205404075287,380.63613237237956,649.7719830871799,544.0980199058373,65.24411111220888,593.8017303278992,591.4713611763406,172.90129748025717,532.3491614605774,614.2187873227359,883.1891023057091,253.81938008862284,615.9361162850581,832.9927622007987,179.44075946676935,154.61437236165494,923.2795591544208,741.626766626363,487.311629742402
6,829.3780098128325,66.78048658273234,176.64868581603002,379.9864270706101,347.50971609608206,195.79396537857136,357.86315231525157,144.28019866252552,306.3717000576147,821.1549799623419,485.6121077749116,147.69908576204432,819.1999586895431,279.649755426709,812.7271531444349,998.2417865924086,854.9671135196157,286.3248323058781,315.5803056636101,649.4422648373614,940.8329718787918
7,541.8520281465214,382.4664527527728,48.845689484983616,189.00457240981416,344.9125603078653,425.7609483046009,566.4482094281989,995.2996846941727,556.8288696110553,907.3265564094208,208.01358828875397,579.2237451615425,226.46551090136325,98.4961729744298,831.3514323997501,193.9672174153647,598.7177402601939,461.3919685170888,106.31179314775775,917.282138236413,413.97097829555616
8,218.63334190091717,847.4760896139196,168.2719289374311,603.059733950283,372.1156987735313,377.1969067996057,596.1322484414625,367.9531597522419,736.9537669905648,84.83256981423938,439.40505607395744,342.1834491668144,941.7856173593257,23.04538865286229,490.7844003110984,689.7831309569855,864.1459190458254,778.3349642420351,169.4596863378276,868.3719432499904,661.6194612028901
9,468.18027702903714,267.9486010838842,767.9468252995887,506.9812489292465,387.2808541205427,983.8869505366297,405.85445328744936,148.82723915513088,455.9052617517954,40.66476355969962,43.235024475390844,351.8120749625079,790.6379635491838,456.7298078385864,174.63161181335138,952.3729658094668,267.0393146027314,731.5454935470116,121.4715884288746,777.5400713353009,224.59264618790226
10,725.9701744918601,944.4357877114796,120.02418947990232,430.208270113092,587.3786479222135,70.47540393167999,600.4651572461279,560.125811202837,88.21043077889934,719.1577587081357,960.452133025738,333.8663116719917,690.770897478896,965.9905532482371,237.3631618734684,898.7252330685376,139.95229848404836,564.0399406020306,573.7252879704134,945.0305263561017,411.06748959674525
11,877.7296875021068,443.9270572719878,56.27783959759962,422.72421538762177,182.9828698259437,453.45677249052056,410.5118355229054,423.5107048141491,477.32999689636927,73.96220903382584,870.1927304207568,902.1125659651613,337.7747098011989,903.2993321272193,457.3362370002215,378.0161314099718,94.78822583664856,620.4912077002788,264.90104815788794,479.1125800032148,797.400153028813
12,437.7777359210586,437.624903629759,297.61827674279095,73.88964201449122,94.07346230451331,504.9209457679967,571.1882828949728,622.0008304897871,254.1187540944128,209.2553149998688,302.18981013356625,208.02747295242358,152.93683329270448,166.3428853972258,35.006836743246495,696.8488273766718,219.16226899612175,908.3771836852706,994.2772418717692,957.4779341815647,636.1076695919181
13,925.8387081888665,652.1407484781339,794.3752419581558,403.62779938337235,731.0712446812036,180.29813449916094,687.8341772741832,508.32579118790164,315.28685116587025,136.97786748099034,939.7578105457137,46.92274533067452,254.02368674951526,652.5142159237699,443.32057815594413,331.6875400684166,958.0861897458253,866.2877710793772,558.5226627183007,957.0048267177035,424.3847672873215
14,601.2696099563608,345.8326057841086,978.6624244253605,833.4385379868678,556.6014329735434,672.9337091037775,626.2761719039754,568.784630599603,55.892823220102414,390.0053426194681,316.9413445795768,857.6761261664763,318.912604004649,516.3637128523873,112.79041701566716,110.75595416511665,519.1350185317002,325.55998491362305,589.4246199556449,238.98422055039913,1.665358062073724
15,921.1782005720215,384.9950541212065,587.5150097560349,991.2172838908248,203.69871310722698,946.0348217452498,127.98878912928464,404.2591565071281,613.901304326595,62.04882277820404,796.5708849889119,53.80227597372095,914.3402278869354,859.0707362929264,40.94968865709672,824.8149645137312,842.3871350767328,594.7466319351714,616.2414681446712,276.33346918013245,783.3705013680774
16,334.4156311760264,636.8601643122556,738.6197356585036,449.2879404528279,486.3514297886318,19.588929248615745,323.09859749038156,444.71289111743937,65.55269196910004,719.0281276600529,48.32832702413515,384.6216973893187,88.4539573577327,176.38942717201496,135.48965657203968,472.23641915701944,108.09136297580801,96.11007049119239,695.4570792252188,385.9907632021181,906.1876046697063
17,924.1802382050729,838.0248033014751,227.08201472399648,328.89368771693455,33.86720277988917,794.5718938738324,538.7220031655896,499.8790604968887,203.55513587544658,883.4704956267199,56.310292234533605,926.8336636099812,543.979050337262,216.11770151704073,435.7640005295004,772.7899923041527,830.7995095190387,624.2304331322446,982.8281248810373,151.57993852744883,301.4809798971787
18,666.273372149323,41.68111562656694,208.0587667959149,678.0713624671163,270.2523839025775,661.3326876472345,236.00501022683878,831.9523053907708,232.3637254659734,115.173964065303,690.4221608496174,807.3114114794986,606.5814962221008,848.0441984337907,827.4428388349593,0.8357391409703364,76.23307344231668,718.9341603199898,983.698873821148,614.4194673786684,94.53563953235444
19,171.79235441554366,972.4133325264809,270.3777478997922,254.06950516166162,598.0962984867797,129.26906662327414,170.57817760386826,490.6621417187042,35.36230596651324,99.08872488256472,486.36850741321547,134.27951262746066,798.6631528329475,35.19860914041581,699.7051400487102,788.1675883501875,480.0543464208561,613.113674627398,721.0366272575151,831.6709432066443,160.36950198195336
20,555.1029525029182,400.46220995781573,974.7499319307182,373.8715767858605,936.7831181832564,531.5978330331857,777.5830523504322,81.56598237388802,3.2340853710140918,588.9026992848849,145.54788330846662,782.9849145828321,362.1731346476901,590.7512734996018,316.4511216589988,232.12096420398458,378.0565905706046,122.06304169916376,542.2159289829773,785.0582057200672,832.5389413800265
21,162.73004959946067,472.50303078648966,581.8750604857784,988.3069465000577,863.6156978229865,843.5613281252025,589.2819220809997,515.8798206107475,728.394497677821,379.3867258708665,549.4739747715752,875.4871474685455,715.7471882544306,205.10851213808127,873.0502161817626,810.4397380581615,826.7171638824742,553.934469783918,879.821409524351,308.6457508577597,768.07329250056
22,384.10616224064887,563.0824403885497,197.34437319334464,200.9239128323157,663.6299266280757,468.87108134438705,404.51061478196493,379.07306626906313,330.1631363173313,841.6333437283752,823.9071279275753,633.0500145239819,633.7851239021836,847.6070500147937,174.1514729583113,42.1745575710695,862.287578920255,844.1984264758013,851.9146559880217,220.29907363129823,936.4864518982041
23,952.9186649124757,446.84546218146926,753.2205674060896,154.33332746241422,992.1874721311623,507.88689612420546,840.0839891787772,665.5365239127786,848.0420471324915,518.2788127028662,99.2076114040349,725.8764599814511,743.0336108306441,251.19162755241572,379.59980382433355,400.92275212263223,198.97882370572998,303.43294524268737,855.7699540444431,224.37876911462865,589.3084094178632
24,89.6656439109834,44.04713252685867,116.16476810777078,480.03572520297934,253.61790477400444,237.96217163774452,775.8732074924936,200.63833134319333,393.4069639599729,864.9844411127925,65.25827615137405,772.5169768014848,607.2209473643155,517.148319871683,802.5093017478453,16.905444206965328,316.78013454361525,821.5239212205071,793.7629621119935,163.16044845714356,950.9127558707115
25,737.0278541000515,689.5516100051211,115.24469564664805,296.1803129870988,845.8037396470779,950.3057803210775,224.41973066081292,27.888501152994834,711.7961623900268,121.4682724077473,881.5347714916049,916.3665225111893,577.2801175444603,195.83464295932797,852.4530006244239,804.9567002148394,661.4297724264187,874.9102411155224,752.3437008584253,842.7202068101922,804.2908682236883
26,505.71314928692334,963.1857879181088,134.37648491894586,39.00761735972757,764.5959602625953,358.26967199893915,262.2192965333288,249.08508532373986,381.5866135012903,506.4036983841613,426.8392534255126,918.7282610192011,455.53562860571486,246.77696550818183,559.1253766030981,365.64740512288273,985.3871095646086,871.692853084833,937.0925463989626,682.0124416489871,653.9506204563806
27,446.46670693191885,463.93597869859445,381.75622777210845,93.59180605296861,690.5053583668299,34.60741839491629,880.9888898558406,417.44870657385945,511.5870180046844,987.1446865610809,74.10864625451113,309.33109426445753,571.2015269083547,856.9836161460353,517.2106648777202,317.07260965637585,21.342920148839717,311.21903941274695,611.245245223839,712.670364635304,840.7567181305062
28,732.726970527621,93.3372042283456,80.96286324193761,600.0386473699517,652.4947424723732,548.6870200414788,329.3372905342842,180.60319987335436,872.0903348484176,16.008181642855856,798.9596130406657,197.46105623725393,450.117319175986,557.2784059793803,934.9075342216232,419.0148982370512,720.0260084274261,357.0254210119794,457.9380150987581,980.4599198161362,397.8152611024916
29,762.9041188270763,622.1576845192444,189.2245499570317,994.0056691548843,629.443273562859,676.6240637442006,916.5689294094268,799.2297142425083,171.5584079184579,935.5745947998627,863.9348685153509,189.7941766053412,971.6424935406993,830.333514604771,654.6802290233161,124.09669485156084,10.287101091161448,400.30804233337307,240.65465145106376,442.682956920233,945.4360830709406
0,226.58328362050622,389.83143227708774,808.1462500573682,497.85618607412783,607.0546357054219,900.3291285598312,339.7057513010785,290.77701684183535,519.9423825474604,14.671081667058338,858.6247338114784,590.4886131234871,747.0459711195068,59.07856434443117,420.3090770530018,205.72886055917076,659.9107751513338,457.31433477812345,388.38026714889946,345.1012294501331,233.49465972828344
1,825.6376147134143,709.8092118530011,649.4718242789555,610.5102215000735,839.1028760913689,584.409062862099,996.9111241062665,18.841333098836618,721.5786231189429,308.37448242902315,730.7364182011025,819.6243052132107,322.9461547716787,223.91029490195993,731.5268611239109,470.260193426646,344.0129073941618,728.9797202257793,963.1357362236844,862.8865298692436,423.66470486643357
2,791.9794579118799,988.4117182659434,442.3006426483147,630.5011950429569,313.7339587265999,534.2426874855589,60.72447515609784,209.41354293867815,4.5243187998887855,224.7917955474172,569.0720713245688,144.63134559713185,556.4795438767577,405.8065943761905,709.3988339668905,458.0112909025919,11.799913871001607,276.6381500484345,911.5354305328322,398.65987469857447,709.7985104823044
3,280.9779305433904,592.0145729826972,776.9931195604992,993.7708969155477,74.89281146296082,764.1202576807489,473.1728448854153,645.5932644356142,168.0391038288529,471.725498382874,165.05895568570722,305.6479875399944,283.29552601544003,932.6440297235806,564.3705511491172,190.6334492602595,53.89224032465968,539.9990731019394,797.4768900153637,994.7432336741986,543.4191779135941
4,836.896424540256,764.8957113348383,493.37652784825696,547.8250119093505,647.5536042504795,340.3078486143436,888.3634894695479,90.90678898383666,657.8657001751666,910.3658688568303,543.0374450648782,687.5782320927461,59.8612932876091,936.1546936889088,736.9337320136239,919.8850707338588,626.1473839346048,212.84668995208423,516.2401286523744,607.9304293452285,809.9569259732211
5,17.273603215487924,270.88029593316196,861.0462016237627,414.8094616965782,614.0269581164166,397.6205093112801,114.87973977713293,154.30691439307668,437.494994852908,539.4062416382612,724.5910642681338,584.659848453085,490.93905694736634,737.3058994994442,229.64135885553142,42.89806990112869,856.738220779951,111.58712436671595,99.342505032447,901.3570303181608,540.3617645562961
6,876.8202750094971,20.865888917573546,814.3516526596405,799.420097676179,198.08198038010988,549.3994570976752,515.7339176922751,531.917158348547,316.04412381059774,529.2606060593147,854.1087800491144,864.8293066211653,979.9555970936834,515.3227969043006,721.3869984845819,967.7300909026667,43.26140473659951,995.9392264574003,313.9493658354733,531.6020758308949,807.137155794059
7,466.4182338251166,993.2630704711615,44.01067595819616,180.4783007138138,229.48051863926,210.4506967054064,311.25744886083345,91.69722545294294,287.4248134062341,368.6283897243231,869.2550317853153,152.1404286322401,856.5109003171992,559.375877213254,834.6156729791475,628.6200613308646,980.6870960221162,385.82001464553576,906.4883530192208,379.88103605677145,230.79797926404186
8,10.171538744247096,452.8136479735291,814.3746115890203,323.1383347450712,763.2627243645412,83.73561366026891,973.5185439993822,23.688358495112386,421.5984224132968,769.0423593664885,987.817679810012,479.0772295012378,179.7661856246484,606.7909700119292,677.4059192981177,46.422602056566525,890.1845514918136,433.9687693253804,777.6384961382967,427.5499536989407,282.70243191745305
9,831.6847216627211,447.9168109281133,209.09937090252328,423.6371157702181,117.15140837813102,109.54828203891994,638.8465213553218,688.9133771738509,40.22619676122547,361.5387960360493,6.210859323201686,952.7346622694948,444.215359733023,508.10568665214754,744.9614581847991,939.4515742908526,586.8705056012825,679.9833451799104,712.1000153342271,808.4315057281308,343.21209248329484
10,303.1894936427508,703.7560694691056,727.7177289178301,583.5324222198781,88.00420234003904,902.3645205313632,59.152118966450296,339.66373033167434,86.85084698588373,355.7609709977093,217.3186735471859,904.8026468307825,769.550537458384,920.9302459245284,369.23521752441826,57.180275962522295,859.2461519869629,279.67310703294294,357.85403506282495,921.5170356027664,234.2008876336305
11,861.5704745633606,687.2226243822619,195.48022972214972,198.2516451545419,637.1727875546645,564.9720223874608,750.6251316937063,661.5382109418313,740.7561193784796,515.0077581807762,747.6283139096671,635.6888462463431,340.84506502703374,907.1533734034821,412.237805157404,994.2652462075703,392.1172174821457,993.993863530709,798.5081548594635,116.50775634263083,396.2929988851471
12,440.3515464555601,508.51939665570836,221.2807233591939,929.5762829284495,744.176764447388,544.7135154170269,13.474402510287094,459.3265980370799,28.780408215975125,132.6780247795313,899.447375944642,513.5426408811205,95.5098977166629,830.0131718309511,844.8669404298812,791.134269772968,523.0041797926043,447.3010362626421,675.8651447190973,175.6864272945125,392.02366881171145
13,939.546757165692,101.80498675348488,309.72882991208115,31.676185084634415,277.4208832315091,799.2992775805552,566.8694235837094,821.1891708040655,649.2737146559307,925.8182704544633,217.02952976287185,794.62628983253,424.5866349656198,432.7298196922451,395.2121871918659,287.09478791170244,560.9626057096764,823.6320290604524,264.15669054958124,800.6242515604919,642.7989424761853
14,838.0920471046977,246.96937285201545,293.53136473525126,25.309682094790585,468.8548461470681,338.4015481605825,161.67638677703343,791.732145791499,358.34962857791186,819.1702640078355,219.71717182700803,465.597106101922,305.4578246438387,592.013344949654,197.63867839189254,215.6015591359658,704.516836047282,319.56365172734274,953.1690959593536,405.24852355803216,914.808300872482
15,919.1667393020502,512.3010371080146,607.4710252847287,688.9951196049999,177.83280565014834,80.63016539914753,996.6034557590649,485.09720109002626,278.31198604952493,708.9639566267424,252.97044185178024,668.8180983673537,605.7111259638277,451.8992773210426,961.2034916633377,81.40813653410767,223.65845355480295,118.81206024640599,361.7137309836328,689.9420875692626,467.7318273166157
16,338.1649471883847,682.5563728849338,833.9847350466827,553.6508027128632,532.3618386847716,659.3725417383149,757.419329776302,574.0979541785651,348.71830199155744,44.319739097217045,721.500456497444,593.2516788321528,999.4496199262632,550.7978722078284,0.34174640375750237,467.91042673706175,402.41010719364107,171.27069806003553,555.0717138556521,891.9984986673401,26.71037886050197
17,29.72945086402906,986.2466468611475,231.7223245495004,117.6077967326513,61.07922734310028,907.5159171544497,912.8702315147168,805.5090860000314,578.5252495408193,664.8273213476137,607.6284238388951,99.22517445875191,736.1364833931729,902.3206803616521,629.5541808292742,578.1010241166601,891.5451782485487,634.5740222708135,639.3712429324099,965.4516367968503,894.0985155065116
18,774.0996720795507,837.447840789667,519.2358792926897,583.083076445121,738.9038410804554,497.67471352396075,932.177146563234,98.88241694073368,130.41301259341532,707.5570734159212,387.2045796696791,430.71637537720835,802.0147480948639,896.5829459599937,168.6439025862475,207.4727587258016,241.82500960971956,319.7806271418341,220.0067496698697,655.3523098492541,510.33942736284206
19,913.5812573048561,500.5875096127514,396.42594447028034,573.0547539722194,67.59134902292624,945.5590272988633,504.2669745504248,137.38433001346718,614.9105809830612,110.49096204887685,409.37533734663396,408.6027037211251,894.1460948932511,489.4731414400124,586.42279346228,645.58461757387,63.0242988319659,733.5596174244739,122.26519617303224,394.4834154436375,562.3364325853977
20,224.71425597101032,415.32926722738006,240.70939118858217,19.42097874513599,740.3225137014422,798.2875450767918,597.8390334486571,668.8110240837239,814.9287456726348,652.7741879770416,362.7012453773587,165.99318728832225,687.182787486573,670.2371269775066,142.5740440393069,301.663637125888,934.9711154570664,322.0427379959843,671.0158434361675,784.9008707806713,376.7031960783662
21,320.69383468644634,477.551733176892,870.9270675662476,575.4617354129867,118.8341689165433,786.2677037599227,809.0559741254503,20.414482024690944,497.70207371831975,96.89477641532832,920.7941523135672,782.3723816035272,436.41961448300276,66.98244019430204,1.5375436107265312,435.0368344502106,829.2023702727681,934.6047523442811,896.2747378380527,192.53994731463158,498.80955130149493
22,811.7954333049047,672.2696229036297,907.161075165,102.93165009532197,207.188623943778,728.7399459553125,600.3737732592715,658.3978975590616,750.3377156191141,904.5940523085973,782.9743034746143,687.5173562258582,578.9771647742074,632.6751662672792,960.7599648400137,189.10407958107868,931.3096754464061,769.021894511551,618.225047181191,48.34364010779594,945.7698696454222
23,871.9791443335848,871.190015747701,189.02755704485566,553.2451211293536,960.6189724430209,749.6907847452977,5.873005935548569,791.7039294963903,44.50828431077943,154.38821952123885,29.81838818077077,416.4534265394081,271.1084418887007,987.0468626480696,990.8813367295198,874.2002303293241,734.637874683134,986.8576919208004,948.9308569843839,586.5976981652595,795.8178146535593
24,108.57358546140745,693.753901982331,477.9770071517543,527.0382186380072,861.4008027828482,158.4885430751253,410.1308776429386,83.51844927998873,405.91773937167204,744.3595056327083,493.96573788372996,358.56545196037985,299.4526806265437,680.9870171730801,528.8022382573458,877.2183545014169,606.0169038905192,628.1339106706545,98.16972349370647,995.5515527867478,806.815928458193
25,198.58008700664215,254.62662152026158,500.86320759296984,767.0111014419662,666.9911261319755,213.94159793432235,755.611273520389,117.66377284266889,898.6596369884293,47.62220926781906,865.2950825045003,712.6066667590945,119.81392910876151,51.09018795778219,536.6804966793973,49.136811220929864,374.4380734944096,951.6678139228063,456.6770525441381,933.5719826358892,530.9235232461266
26,252.04101223153012,622.348599243958,568.3931075259713,534.352324485283,705.138749540642,571.6067100389134,861.1557995108298,749.2653075800603,450.32202383354763,185.72382469818632,592.570237528707,190.6428158718309,361.2404340158977,200.04828854504464,335.23416581164173,233.2640368704082,874.6825039066009,102.24529442236172,144.80172511083424,280.96629110642573,656.1861133052086
27,345.9161063548601,97.09300377061068,39.50947450232279,841.3066829887639,258.52421964546755,731.0974865314392,746.1468477868723,366.6140430409784,723.4225532323574,968.9726611004018,476.9035525985069,997.7655954415243,789.6072474701704,663.2271967686294,311.5392561687522,967.4627219725455,226.26349469934246,791.3065242561934,784.5974986172129,269.8105786264557,828.1004643976847
28,120.15289325607218,430.8250451276114,602.0398940200956,269.5426960158733,78.51091267372813,885.4409751618432,124.11293967283366,458.37444944768276,237.06973776571564,751.158548518438,853.7773845545797,471.8493258850835,884.1136396061859,846.6042656666266,846.8823296193741,474.9303041099931,967.4242374334667,49.64895019962786,691.6232871382574,254.75151896169987,981.275613758325
29,522.7163872382417,370.1044874290129,300.0035075926413,312.5768569743898,983.5822018951682,143.03343926017553,905.1296365270441,844.1118237481327,451.3338716992557,35.60341464813726,471.86836838707404,456.5791854377902,80.08187811647664,968.0095209218531,927.0663019339906,81.05454896602758,193.44914359451735,383.7083424749154,907.0699347311107,246.66759668160228,542.4452749159298
0,794.2112371418569,303.99830518490813,223.68556632589832,824.0711988129115,888.3094928744607,821.9092701473106,530.2631855971191,393.1904784587545,678.0328798450022,604.47145656604,268.0537382771714,436.97690111817474,524.9666323541393,383.1636663131228,383.5903011590418,244.42303984920895,678.6155251443105,210.9650874689671,701.7739296262657,136.19204682127526,357.86623155520715
1,323.2294481980682,411.82103910752363,82.9004245071139,175.4803676762216,147.60045833351134,632.4009408659632,333.8114460887627,766.879081357223,618.459982741595,546.7142999700873,196.19818529807975,665.0155136364198,570.6900854127363,797.7913645007781,394.14284925938193,371.8581038757478,967.3655589566494,68.011571884183,859.8526769373397,365.09511796834647,648.9596736309119
2,780.2887978265209,126.54670251107532,952.2638651314531,144.7084192989973,685.5510101281387,19.11106640495904,237.86712266266272,40.565973633373616,437.2133545366712,655.0360241068488,874.7807490540577,270.2956161699721,992.0419858122838,169.1556677897365,61.6091449255592,252.39607950372042,767.5287168577304,814.575600967474,308.25406435463606,186.33030597893514,566.4325682983676
3,901.9135640313757,492.0839555224625,793.8809868009126,450.7640790229541,132.2202949071526,305.4457462851877,40.81831216738094,575.8445602257065,431.41338578221917,998.6081192732166,736.5950308248088,934.9120127251757,961.8133167161648,342.3083511908425,898.0567827943329,465.6599978462403,639.578591053433,909.260388021399,466.52581251189775,873.9239282580309,476.9704793046365
4,492.25001428271236,832.5428039036,966.837010728419,913.694331110297,33.2056940098759,896.8756915175959,842.5611155660163,242.89244419255817,949.5614277325739,518.0456691502069,99.85526516949214,850.6250454538801,678.2472058645595,11.00158288831143,20.623243143926455,948.7064352461167,423.1000938510276,234.7373798363907,506.21236930426136,885.5715189392881,127.13616511583851
5,48.34691248194657,910.6178734562413,869.870709778403,521.389725479322,375.81105016822454,175.86836176414425,486.8760408581823,525.2289753675874,404.7828865995974,374.92180174701224,544.0916031618425,814.6454912525603,729.871608279825,316.54316923531115,246.75054066515668,769.2773898052491,999.5166173706599,364.0637283756592,96.63070534653723,19.32745548871482,91.4922616663347
6,365.95555779781773,514.7354466679546,658.6836241183544,109.8292822635914,129.26278297617452,232.31696715523668,851.3770734661257,483.95282712543104,971.5610440131605,760.7942258851303,879.3867731673868,710.2868041878332,287.88219417071423,655.7808240008477,427.7076075832744,118.96399701178737,238.75618193191872,148.53912213316812,216.69511497721678,30.29552754793394,677.208520898858
7,214.66821075610588,191.04220995775205,167.56532217366598,754.2024670093641,605.3322881857548,766.7325098669743,910.8934695521297,829.3267362620992,563.8938777955279,537.6881269750385,511.9643197243537,93.22146218226537,721.1450627627974,327.4074255743894,268.0157223441768,973.1265593584145,371.0183387746242,858.8838634384846,209.51467435469633,71.81557116914915,994.2729911197071
8,751.6710471255298,133.35946302441013,308.8784263674223,606.9062604771241,293.9045290568372,876.2722129295639,388.164699458661,559.606007675551,215.49320237523716,36.93888983458188,23.26177087316573,785.4836358503012,129.8450071155369,868.7917290494374,8.225405111878475,872.1711781928755,669.1020463937285,280.8855833152377,964.6420306574695,380.8587567638043,187.16177639141517
9,461.95043342212426,591.4833321308053,963.3647004761298,955.6863850896739,540.1267401451387,817.4929211470278,567.641848607504,778.3504907851504,506.8855426688373,239.5578378143937,731.5485865982034,968.2167759697128,134.4704196933502,171.3156465663845,878.8295196679662,461.2300596319733,647.3419109908867,642.8676915948809,743.7911999079902,295.3217602431008,393.71771903933444
10,174.07525809368084,918.2764144717287,662.5354817853653,741.009276284808,709.6369880904357,550.0910757203465,442.5206630312906,488.2071528947354,571.4820735126535,852.3430027585623,887.4063678901254,287.2537816026457,195.59551214290545,616.3486912308597,9.629698909175001,576.3364242469912,801.6691343880863,851.2991768488541,41.6647873113482,312.9543494939296,0.811786032245487
11,216.44245138395172,230.316169368204,486.8824521991877,708.0907511893515,65.27126760882719,682.8518747386619,970.2532350443009,799.283527258845,16.6044002751457,773.8590683734182,961.7410693124898,983.8598307521193,355.59561377453343,472.68104366437933,66.71530380842745,739.0538950286776,195.69216819090715,755.6144535316323,711.9100960375536,234.0433785585945,255.71324545768357
12,662.4009826255443,514.3978183590259,574.2392494746052,525.7205328089567,705.3566691391899,154.12459739777523,143.08004603021686,575.6846867006446,304.08049584431535,14.816855146207793,577.2268438617663,270.13265240049424,198.13146931722645,544.2226679934122,154.72691004068287,581.5517543936933,670.806992746826,572.4223804051543,837.2411889129525,111.9442682978842,250.45878547816378
13,11.103953396635069,890.1897025295964,335.0877412473096,254.45594354236877,267.08522290888897,949.0500610446932,342.0577622621747,98.5127435966915,753.5728700517252,312.3706650105438,813.735059009476,906.3911902357114,612.7242451116856,45.558802151872506,342.08887834841323,335.94377309729896,157.51252043764998,2.3203321705388835,417.48145844836364,373.27445764670796,367.4440330663614
14,434.5747155029003,35.97740137511673,91.13696477904557,237.84747602168238,330.0109634262308,945.2201613679001,811.1521916197937,814.2500832473319,382.87632210663594,629.3987376196977,633.09339960339,101.16009323567505,243.0411810801735,687.8665103535556,875.7819302817826,1.1395549197373482,780.1136763949423,155.49785684271012,287.08027790087266,699.137258846111,599.8582285909544
15,685.7856773106936,711.5328966471378,985.9451303610356,631.6300234368151,85.33291424880754,125.35522442480043,264.6891504757647,917.3908567603959,695.5569846015288,507.6525116858171,1.5018042777635754,24.16375168671631,933.8375991043968,8.946638991596119,96.73589770369446,296.4336746734156,516.5099712723497,867.2799904708467,550.2832975385539,755.87367645592,500.12774387951765
16,111.04241594713112,613.58805594079,528.5756098512506,587.972887232914,514.9368631014775,202.36627574065565,706.037699364995,383.32398794104853,30.6968286271711,880.5946514837541,51.845236465053716,578.4742529394756,528.6311081764957,868.3018289361506,797.0868408506258,13.69437383870232,515.1277901677231,249.4769515749258,658.4795609259996,838.7483392242174,656.8906879418867
17,1.1755132844702672,288.1439042950997,438.8771728296148,237.8030338833624,481.80913419664375,637.6724258104535,611.0604580491101,775.0138925105372,863.0142815468434,893.0807515305072,645.7609973903568,343.61279651737766,207.36420096607125,225.857240723753,962.0027033392656,573.92066349359,868.1157947629615,237.99614332506795,178.316430401698,555.660932194536,826.7521542538699
18,478.32824403353163,538.1021488489415,413.10850953732484,356.6884138516498,475.96553104000026,565.3875148979193,848.2785688253696,581.6334412834466,798.2595967177025,541.708900620104,797.8190003697965,486.3590011344977,32.439360205089045,258.8047116158539,972.6597912618125,129.2515328650122,904.492557521457,69.69771418980315,882.0504121578349,38.83776565408342,136.40250887126837
19,541.2939300441247,804.1523043545293,699.0413911010739,192.66639983485433,943.6035370767684,474.7262757884428,527.5826292606249,758.0247668960931,822.4460886084306,236.9744028444289,660.1981086750825,0.7199711995968049,444.50965354963165,182.13938121416336,528.1793312790162,355.1563536835819,57.71388614713911,304.6873818126606,479.46844004467954,384.43635076291366,483.5554928220603
20,649.5294269246725,57.506636142738806,691.5786432246357,626.7522203757458,23.001512226482767,393.87555511094104,930.2820655403058,635.8963159101992,262.736378552726,801.7730126484761,813.4609747173126,298.3758631864436,61.04182150203749,603.5584783454149,251.51284681342696,406.79616593510366,605.058490074742,796.5365062747078,455.8860032238225,102.76220377986472,485.5154649633115
21,108.83072086979354,464.549673980721,59.45517173771371,819.2344091686992,363.9987958846469,532.6320009451866,954.926594548476,967.9717316641384,496.342446203762,918.2472324152372,948.3819519129507,592.4027069008459,734.1665959741551,855.7964401651486,132.34079257948375,843.4561750202354,2.750335470325332,795.3088343393545,672.962534771059,710.5196983313543,494.68056023995456
22,313.6228880408527,619.4420298144196,183.48931087557978,230.09969484466814,148.894836490641,849.2202871357292,923.7225437488297,731.0862450795985,466.8604287631252,715.531096333488,503.8452367653118,980.390931991924,717.1825613210578,260.8357465993965,351.87970704010763,294.120848010905,584.1050483463698,776.454735996144,761.8857817062277,219.83555692250758,141.8877429412554
23,578.364629170331,11.970537556706244,784.6330472899626,750.8578149989895,410.43155785836575,781.4243001246912,143.96189802250245,95.84459811534288,857.5473745253673,238.93399177292554,879.6133090916919,961.1559571261479,34.73035396033748,541.0042454695252,749.9033920090924,660.9937880477743,948.9702169323824,974.7760395488001,754.2937324909699,481.67812323663134,443.3751848178439
24,734.3125703115758,424.7817601917165,143.37648913931764,570.9875595412669,780.1003765545811,827.5711046726343,910.4766529770213,252.0954486600627,663.5755562397626,252.795044851781,139.74235132412707,302.1473166419768,791.6282700227433,388.91285535186796,889.6163736154232,494.0304187323845,702.089383389405,46.041967768121566,264.63612359958546,60.23139723486896,367.49872962440486
25,571.2030430354033,269.83756452228016,491.50256959857893,884.8691831777968,882.2556132723448,471.19937521960946,745.3690049992082,270.61719671420826,44.83380315931331,130.30826600298568,175.92348600107388,220.3603745430431,586.0191701132526,830.2037979667639,639.7364647539542,40.948954844547615,837.9542953823985,672.2608453132797,728.9349819885161,790.6894797217503,223.88274205814656
26,411.74401832936707,520.688994122719,832.4159810827844,81.29587762386552,152.01078270579035,742.9964846808235,603.9283425770947,639.7898294065018,539.7656506506866,606.7948134608514,491.21574648153575,841.9421560152068,140.89498579732688,49.47334982799337,228.18477139419116,266.05153070438615,241.79273466702818,462.0782074657449,5.533279937533837,227.60157628099924,542.1305934021035
27,860.0188335243947,532.0188758377473,42.00939339446924,196.8475932635326,341.0633763800264,397.00268357432606,586.4239086522895,144.08062590028507,327.5286706825643,966.1607601148326,29.795588780719974,492.84495088752635,587.5154374972764,533.0334711584243,619.4458702955403,309.0787323930823,131.66681628473242,783.6965860081135,760.4584391625442,361.97916348502054,459.3351684287769
28,128.86035735378752,987.2745067070884,284.8771090131269,160.1806209022932,706.094896805337,797.4435229955747,72.51253592941126,260.0476018434825,747.5088800939915,615.853934803716,339.1858126355904,555.4143076276902,541.748357886653,272.3852233273096,585.2830222603097,923.0632988882171,374.95372451135654,104.51371334826088,941.8941586727801,405.0253383739703,273.29576340124765
29,201.54574942606828,651.6608565832875,650.4375568193925,549.3582168470899,658.5610843679084,975.4557602615241,117.53091934657006,19.820049477006005,165.45414425513178,13.566712545492035,711.480432839496,163.15972650330457,903.4954806711631,139.776338189045,447.91377586789343,492.4806505816362,98.21729843042115,896.7882757446655,603.3165309776876,130.10377917895326,511.373569156264
0,956.4493485733519,518.3882447126656,938.7723865893311,783.8730422370368,410.3308700638396,401.7196047433887,370.3058403062269,559.858525745955,558.4683126080639,275.46676987444545,510.83531185985515,491.07728733511044,985.7637145595561,360.7717949350372,135.2698581939443,529.1466211746446,592.3806781699079,397.6769084645781,204.02865380674302,32.899422585763716,213.76987381128728
1,849.1320735311268,460.0048979027248,229.4377929145683,221.524751592325,795.128117881448,942.6903265365416,347.63747810896314,367.3793608162501,879.7774476220525,591.7417352580126,315.57286038038603,713.6157067915503,235.4309479811267,504.10809945879964,545.2775077125744,276.0878799631546,330.7079440428421,158.52273555273533,600.5756096313693,435.3742221268312,199.49239715400967
2,477.804619893878,299.9438965646011,820.2819503188082,363.43543700134313,794.8281474737068,532.168251614327,803.6091698920427,972.3312195799574,722.6190694737827,993.5047844079853,130.1162884388927,732.5349068144184,243.4189331331292,906.1504318303307,812.6337784970323,634.8726520869257,349.1988055363405,216.6589607872844,968.5236586508239,172.0456850842087,591.9638829173442
3,627.8372717314893,74.3501390136707,577.5535302001786,4.571454017064552,251.716796586068,41.55879922838842,947.4662202655006,438.1647891735006,703.7704918653418,50.02229011760308,553.9270536979512,774.8154297881966,316.05042172151394,174.45896709512755,911.7825600221797,350.53825731987337,891.8116482786393,445.74554865136895,986.8601943815299,531.7935955153179,857.546784318042
4,647.2312374595539,447.2574974281712,522.2528467511122,785.9704627477328,224.99845721130313,878.6940460168354,781.3461233385318,185.68453603581855,897.3980806710142,728.3842720827312,938.311266096912,988.1477766457946,50.83963443101902,712.3019217130606,712.847459459377,891.9635298855608,197.6558507990531,265.68367194698527,490.8135705020703,129.08210923931682,170.631850060353
5,200.07973656891494,485.94161862261893,830.4772895623113,735.4971728456624,507.2560239284493,204.79135989971098,9.534343904404706,52.74236786014829,964.311577171982,509.3596422544801,917.0297999705799,875.217341274726,324.9840337516476,654.2461824879231,894.5094748355986,288.3609620811632,559.7136065646965,575.1558516672096,500.25735252413534,213.42482259872872,458.5883894605661
6,359.24361857495916,142.5776734655599,555.2647141461277,966.6246534576087,158.24072107505094,391.52530809953186,58.008204111766354,64.48466298478466,913.6428728525016,922.7876036597069,698.4169702795109,898.034743865231,167.3728266387069,642.1958286628735,263.45374982225024,7.62169954710184,930.8532575078834,536.5786460119676,833.5798803007191,272.75467679901703,998.0200794044065
7,383.67381792440386,324.7853173905766,146.96154223603605,720.1467087314024,564.9936680356602,631.3781552206028,462.7346765854814,214.15503893204556,174.92803553979,149.9437425306923,159.38264234621258,604.3768803959057,637.3398690495267,368.3478984892679,20.29811117593058,846.9386433369648,429.4343018254196,346.17913132381165,125.73350536436605,511.45632519976925,317.8674762840896
8,191.25869773552805,305.80827971366847,257.47180887446797,86.67038550371272,77.28365744514325,492.87347348939704,456.0160791834455,36.16039261844275,232.99119740575637,409.85293864370175,674.6535791673343,597.6551640728397,322.071076057733,441.7812254769389,770.4082051449567,181.76558942894076,199.52021484217556,621.6136925865717,191.24572013173616,787.9487993050187,822.403728148353
9,130.2912917339072,696.0070768359503,50.36888790328695,494.42672014855464,478.29906824621185,186.42395651314004,679.2078820750407,705.875183036612,326.09264055019304,662.5523912597016,593.751591728011,808.267131658946,863.5515257648426,141.32098054029055,179.09538690250875,257.7259733282054,716.4248131933512,480.09484890694534,763.1568726098574,68.51436461538812,170.9748956561098
10,281.99893420067514,470.08544377393116,368.8059261266485,382.8925364746725,263.2588168141278,940.6522228732081,962.0636692781695,16.57463651309206,746.8081008704819,276.05513141239294,521.8925919187091,252.12708154284417,582.4640463782212,992.413114096922,426.26469856897427,645.6120760138765,627.0795020395093,19.730760794252962,28.300848849588977,518.2839009230872,690.9409736802243
11,948.9808062462142,395.4509757935434,302.4799786562687,438.6392352363472,213.3700698083978,487.8038119758962,500.25357891561976,235.05570645630877,301.4495183408704,184.58518767355355,257.3317283573053,981.5083807161059,643.5982892850285,480.98799616650064,405.3677469667789,673.2134858722977,78.93803900274108,822.7588449959625,391.8946922608129,836.921549017173,305.3715910846322
12,416.19247212789844,939.24854796343,826.1801676296623,590.2385742441255,417.29939969563117,860.8652831722911,638.842002468553,207.58522885024624,493.0096250720499,295.2619591357162,632.3868288873615,214.49180973637695,856.0925420197099,914.6781204113367,391.6968967686524,350.89513495815316,49.52623086345758,317.79744276678264,229.86333108661708,282.8925777696211,610.7577447504526
13,427.0533893311228,760.3870337186314,700.4614791422333,411.3364011371111,11.347510309413865,657.6340058105823,635.662119900721,822.2082908647741,447.2694156947174,218.02059776244198,601.0702535757124,283.27328857121034,355.1997102087051,504.19202188955046,608.1901451953185,493.2997403424795,909.4772891026535,206.52106858953334,208.26909108520044,428.51099689815794,783.7224239529329
14,256.60492045750937,322.90352454382935,699.4635231863685,140.6587656397508,53.968201714941756,949.7251499554985,760.7258362960469,77.07255983062214,528.7956447721409,312.1585796338448,606.8356781377805,113.62623940791303,454.11204912893453,366.4624559410045,449.5720049682764,980.6009169717955,372.96546212643426,803.4865466242558,435.5340848521338,77.7482935011951,564.8858972939705
15,850.9245806640992,426.51961194830545,424.7154794820136,446.12921145753717,353.77421136416154,559.0715310197082,568.7197671584682,593.6367531623957,777.9869891542614,688.921137644222,633.6864297798542,754.3885058133477,818.2226141213005,426.10701724699544,87.15498112816186,522.0351683806607,975.7866136514906,726.0493518128425,423.0123448537559,745.8497593929975,30.643869665847465
16,618.4085808407998,28.539791943764488,368.07126095087034,425.6318041075461,36.045858264492004,77.45755895635277,299.13972750891446,699.1922969087781,1.6457524845468412,156.78997652240236,494.62961775484627,210.76838360979147,795.6988760379172,734.2404747318091,424.00924941098947,865.5838291408825,917.4872204016654,576.3467690061558,529.8667699498675,508.29194081979296,564.9931181827709
17,387.37897430236353,662.1888158087676,554.1899362137902,497.0104649454605,943.5951104981888,976.7520083942571,248.26646556218196,733.5036103400457,709.604747096925,978.6866171995177,704.6901354129674,385.1131835333593,762.1105156621999,905.1838657541618,194.0116978600684,228.2291977925389,272.6797089696645,975.4042857424766,801.0763498521884,962.7487988870331,684.7595290781225
18,609.9619934411746,969.029200176829,393.3666272812357,321.9440466437784,600.6089954539719,102.4589450549959,600.1843470695579,163.7545608166731,478.6513938683074,605.050786919799,407.6493485548701,613.2289907606457,375.1596496928907,800.1331775000607,729.6313066340906,898.7340364837743,306.2543038943864,259.6904800161146,784.7686184074319,960.657430627971,189.92212938290947
19,710.5860779181213,357.2728604820586,187.14446459608396,996.3332840170311,210.99316142220798,551.4296140221975,279.7689891746125,859.441092769878,847.2920475699859,317.89655408511544,972.6210482501092,905.9749957525576,259.345663588903,8.272351193182056,246.5041321148024,379.5447531924084,898.6144223797484,270.54348208659457,362.57979205403683,338.21533173812736,28.790091610813395
20,330.3249319765612,403.69575999535124,97.38261136054686,714.7244226489041,447.9229394626723,980.33417299836,448.37855405690954,538.4965504310388,609.2455023909807,339.18864811590555,196.66877559179625,845.0498208772077,983.7352772555316,591.6684298142618,823.1157971237012,813.7520288591097,935.1693762491313,352.5547024616724,715.1005034447367,104.02067797296996,773.0784996733773
21,134.8672782181759,393.05206443074457,663.4232136686437,932.9665868290688,262.99107447965486,82.30010804173949,290.0163239276452,489.58092048569915,724.9987153260813,259.46582512215923,291.7776781283534,152.53127717707557,83.49600204823304,316.6736530584403,747.5021395264364,805.9184765451465,587.1713022918349,682.6806516153259,642.9503860876563,59.620162081098,315.08078707536475
22,892.8839259857463,338.0661739324437,67.80474164282077,213.87968747088112,589.4985881793735,909.3009738916825,995.9898128263094,944.4378660830471,620.7416671363284,638.1872792910855,429.51122422930234,814.3782524768222,729.5974857279652,291.78243944939805,236.997598729915,279.1764471552131,844.4890077735096,830.0226142769745,403.4562708562572,874.3513641010152,591.8779920017582
23,116.20961954347126,888.491999714958,5.8344367076437695,830.3377833331231,478.358602521719,558.0539515070179,820.0309659185866,683.470004223142,269.53767305041015,450.5630967734881,969.891060162417,687.9995703398449,308.4884838077916,353.273780285047,67.78199629106345,636.8626894194492,962.6087498618239,809.057785948625,26.300194569054057,378.22956394152857,576.6211224767109
24,365.0646461014627,885.2352229549601,767.5198993982852,759.5713345432789,891.2655029762792,546.9223905984278,228.62651501947926,272.3002369380663,922.0122021299657,865.7869338599627,632.4512316457598,552.8103975783423,490.910232036825,836.391915551741,761.4141481636461,268.37490603734835,535.4738175718758,75.2164910387601,973.6708407786488,958.1971579369732,915.7671105004027
25,321.1936466369731,964.7288393827514,235.971886252009,135.6743873606594,848.1949525045803,501.32258352649677,944.823281683688,442.5713887563712,850.9771987286773,262.6816579198896,264.93124306961033,557.4547363053279,433.6193538980017,582.1609506608485,374.7588168164057,624.7165681777877,10.231915877594142,762.1986694312437,634.0127217975581,335.1063507671837,372.05330028861056
26,167.42275426434898,474.40134859387354,851.813472178303,990.6654899541326,159.10806058467116,586.588634581356,813.0652186613767,351.72164986530805,685.9984485520479,205.25918882220446,851.351517521066,988.780421374378,416.10199647501895,719.5578988621054,113.32443818484097,599.1726984784447,134.61705627223935,670.94296639116,810.5852945611601,890.123955945267,489.8098009374857
27,883.7122674523966,101.53127956557782,333.110198471519,307.1236289042501,976.5709723462626,585.7881458208731,877.2011223868103,927.5607446881878,164.2490680075398,998.1476613010464,147.19082042419518,548.5808905608376,382.64348741911436,91.134925811456,555.5748374615044,575.0205312909325,958.3756557871891,151.6093494350167,362.30740825315183,975.3767302439406,47.219932002197716
28,220.2557480824808,859.987985749894,973.3887103436829,996.7952140254961,54.70656142716861,549.9512930932701,750.0110759328688,236.71572791146826,419.58516606090296,261.7721608058814,212.0366786187378,807.9862288993897,416.1303770095644,306.0685593473219,216.89064375796423,807.0962574624682,221.732309627283,464.5989283520411,674.4495790331453,220.56101183596223,415.87067861708596
29,35.39095413928619,923.4917334384663,36.80209449844565,751.1243091584662,728.5244780345677,724.6077648717668,370.07552680339046,449.0613164286371,617.5609515050701,557.6538312411433,899.4002567199427,822.3101962533487,928.9117177493134,829.0071859873541,402.89422371991697,287.34990556365574,481.9311520379752,524.1814821403194,341.9927460031757,245.28120035495783,981.8577952795383
30,817.4009761788757,777.7250353655669,250.2652341049464,80.71408646287499,628.9653843928835,476.4364222360145,354.9610879574968,305.243942549376,42.87643272482238,110.27363458620222,773.2009500553158,930.7366475823734,523.09532609517,795.837254391648,540.5295927584468,125.78065508862272,872.4157261410988,34.59575096610176,322.33343848655704,874.904615916517,929.932160988376
31,265.0537533524487,76.02342285513798,4.574258461381945,127.87063109171092,926.6322282561525,551.8505392047373,155.3414257814612,613.8149446430989,14.042004050110595,385.6516000257274,949.4358721117085,901.7043000654279,832.0302246868193,567.0270956482926,413.9148958394981,112.1667359330128,919.5492311209684,438.3675311754499,833.4071707781927,464.9011443869855,130.09719196322067
32,758.9785552727293,669.9527949168722,145.7113285408021,202.6107182660697,568.1558845655846,632.5625238700734,112.0707189361301,13.460628883036732,537.5176595063836,197.37733551448358,963.866079930196,451.9626185953941,92.73422977119884,238.0057475597658,320.47733748758736,850.2999800813176,261.0263871573942,733.34616052252,335.09229547303215,54.192730992181396,716.0135940784422
33,17.93665474199358,237.08069290314165,953.200906915617,278.36686783581166,377.47887150090395,98.94412879900436,711.4959690952955,280.4576715012664,277.5040819928081,84.22319683736826,266.8770453425219,139.52994103965978,281.91905747672416,346.08949024197653,400.7705947324891,343.39087497438754,321.2609411724623,929.3759448172607,106.00676831662662,146.00018083493822,759.4721256953179
34,784.6757788470024,392.716523892353,515.3618979611012,534.7966898131648,635.2038840605379,773.9639070834431,230.07891396792405,220.1088230465631,616.299309652886,75.16935251275468,109.9532350146168,608.8658151551334,643.1029082544934,821.5441867911185,817.3876338334595,687.0581244768294,406.7343147955836,706.3161746936767,199.29219182222408,284.5399935780768,30.180060450071196
35,141.77692013622098,59.172579706550714,680.469118697741,965.4958863677153,98.86616431840557,589.2342468164117,253.2234928731096,452.9617468249524,115.87320606025467,31.402861954526458,696.926805565691,670.4723996611865,976.7807000335334,508.0404807405469,738.7869045855455,735.7827681224223,610.3485141098445,653.9887402273828,738.4115426888475,931.545719790289,443.0165162735397
36,599.814912641316,196.03462585557097,485.6986233226697,909.6429671605044,334.495967725886,859.9003440360215,6.126597119431183,86.72602976948504,442.6588834123183,885.8855814660626,384.47465612642947,659.4209754208657,473.93640672701036,787.5265431791644,80.8744853495595,98.80197101653371,669.7800633235686,181.49621236706722,779.033865772564,834.1868368896535,507.04155451063764
37,486.4622140709101,966.1500582156266,42.83556919041922,485.30730191302314,895.4593988319106,286.4329438043557,10.33815346036904,686.0255977978231,704.6825874408232,974.5283018478048,108.3080440653196,326.4177287040742,977.289258152731,874.9275856833495,100.06866718674463,470.92455707527023,441.95899000768753,697.4957864890534,908.3235624786255,434.77940313042023,234.32856985575324
38,447.0794885418219,3.302539085320496,573.2641262898929,840.1785210011601,302.8297220829478,602.1095163564544,148.43900456898604,307.830522392232,520.4179368323485,77.24642611032144,76.82363426888803,527.4782163098632,331.24910107204136,26.400252470551013,351.3124406118721,116.61905316673477,944.7317705696557,634.1749383761669,586.4295100969965,867.2273334517907,729.8946821971167
39,961.9067283483855,866.8077673227868,103.94973376011244,927.1630853086947,396.3020078282131,256.1885242741235,795.6958449588803,846.8909634653442,830.7234693446028,156.01873340744464,247.92915675123186,260.94259910138584,905.7032825037471,390.8501310502734,139.16912157841733,470.9980415847749,381.68776820199446,536.0520865745578,987.6751559212187,661.5260471908773,650.1436263125561
40,902.5769882572457,80.2232288309231,828.9514418556869,619.93151432399,676.8697101699897,184.46306096972887,228.17322304037822,155.03937582562386,845.0480405751222,682.0436571833159,768.6726057593245,904.3445159517768,532.2001594731411,194.90671346804768,192.55285732783767,404.7319570687101,293.8391972958022,104.26410164401972,513.7436797210573,734.2545771109983,700.6646947652192
41,541.1353665703805,587.218208914291,881.8121775503196,558.7810294209967,959.676198486228,200.3270395610704,352.08257639699826,686.858860530969,358.85876848616317,133.41514508933562,610.8613042662828,995.5536015712997,198.4101185690092,280.5824031690844,857.4581800544312,919.8701946546666,93.86295656294655,895.8261521209566,829.942773262614,957.6122968757905,746.1038566314229
42,687.7666885811784,204.88161397455102,728.7894194564295,321.5702617676466,919.4534022178312,973.1670117659252,962.4431124493387,453.6176633455671,766.3557665454498,655.9545581027954,659.4526043827311,423.10462808735406,505.8609815479009,168.48858835435334,268.1570224878815,855.393849203745,204.41457844804208,680.1835994749384,609.91370795229,581.1576625358922,121.902235332934
43,949.8617043380697,493.1076687406714,251.30668297852452,33.66342340048157,188.04577626334617,733.6600250750857,853.241833972893,845.0902007135339,41.59608105215473,716.1253109858923,250.53386127091792,963.479559157884,560.7865841863437,254.58493805242293,381.91602239080225,439.61835547713633,649.3231158780395,689.093191269003,297.0056922668091,753.7857214966756,928.6801296947591
44,898.7287909291422,425.4581976582743,99.95038201225353,202.16122010888867,674.194298798498,767.3533413798248,963.3309860511242,377.27510762539146,757.4064305801887,528.6686276447119,654.3304647313159,551.8690241891564,618.7249409570775,77.19453202498158,391.29268289508934,84.15801436524308,368.89573423242126,411.7375067835711,701.3737107922647,863.7770780012233,460.02830157284984
45,61.64424757067242,721.8674510387383,555.9799134323507,290.28568532320816,931.8320543750983,237.76790971500816,119.04306529573525,454.0428865330004,590.4305184555814,10.676461014886371,563.1568918607511,557.1048844593736,516.8331915391533,181.19697390654605,850.1358315382012,934.768095115313,332.8157916361458,957.9993239475335,204.2869700097486,863.0748589041526,185.26673894297926
46,450.77732691023135,263.0786793167242,779.3652784619746,515.2665119618638,461.10911420752603,455.4685499078866,154.89656654213704,505.2761828611199,406.9433216182775,53.37739198546084,236.90290507533336,180.3975654678463,569.0926640287927,963.8921670541243,96.72648634711031,236.52401248851564,402.1309488895291,892.2862019544602,2.9258257104282515,527.0726606421196,333.55981275080825
47,822.5438471448819,873.8582749671536,523.7853211636419,369.5566148917893,598.5842392690413,862.0583484970699,457.40653312656957,280.29228406549385,259.96178698800185,459.345938643585,406.9526585869813,819.2070082769959,450.8035871591277,370.49667048369014,492.59140085056373,850.2730976020182,29.13258178634162,973.4048203840755,439.99126104856407,87.89054100293043,755.3825840494189
48,763.2558205534324,233.81599015586514,934.1927320835081,187.54246717901614,873.6969085146856,58.4122319426052,14.410223019560876,643.9671353252638,745.6576992974619,509.7192411303563,861.908663643322,79.28495152494344,54.93571187604412,85.05185993552361,158.6286687917647,829.2869954708447,264.9863424725402,55.499573153570545,508.6339534718622,836.9401199718301,70.50707812076136
49,444.4345842008517,728.7661483982351,467.05146994463934,215.07167774042907,205.4475713842995,150.9531866236675,366.12959201941095,527.1969348982722,860.643420512294,573.7702771209845,482.53866341472417,190.6700115471567,796.0724834488938,838.0112336297617,368.99022655576726,984.4816844115549,750.3135849679051,123.34517689062176,745.565077458836,394.6293990386268,526.3606676956244
50,428.7195193208115,486.23850152639295,209.4110196027303,278.94527127744004,740.759458804711,797.4489104140226,464.6933029819787,748.666844105508,163.4324352748022,282.56440315041084,153.24619904717613,170.37433979721814,26.233569251420608,305.6669071668134,704.4024051986651,390.1494831421319,735.7668623657204,975.2239091297192,824.4621710824968,645.4880879528603,629.2479421406877
51,672.3259086239107,0.40677308704800524,179.39507338587268,854.2968603436948,932.7695552705343,890.1487433261302,909.743239408383,20.885055707734416,8.885744482433166,12.44364605981572,737.7452365575624,948.8884270140893,828.6612539400871,362.5780990452447,749.8542060199047,742.1865964365571,947.6174675266353,394.31078486037205,722.2333745554954,817.7928166575882,980.7754598538127
52,867.0583300217774,954.176174118115,828.1177148817676,865.9067005631695,292.99539078677236,73.0137038419711,313.4501109561395,880.1034863755556,944.9953068275371,645.091497593713,997.068940160291,636.2831798556575,621.8106297770108,462.04336017944667,873.9190705853629,185.53843259093614,830.1898664491733,180.2233418203369,505.4302492238724,584.1508094747575,795.7141611616341
53,105.47568048895667,580.2667629718949,975.0948132986985,248.68216628915889,478.3251342377815,964.599673810933,680.4792726120036,636.0100968953398,664.4977852544105,647.7001470863814,240.98003462286033,390.7792501060232,256.26529166526177,618.1183693643577,405.6276831115842,320.8175640255672,636.9790195103021,634.1086658005203,318.67932285976985,846.056553372557,1.3293135091034254
54,925.9903851107821,258.8244578813981,316.27481085731324,717.1815794094462,942.5489302724615,324.9281769644447,793.1548413134861,713.8634471454792,250.82539895684477,597.1302256828214,804.3505330026354,116.84161119008867,434.82077986523615,972.7582091256827,305.47394995243064,663.8355988427795,822.469320536506,318.20790368612705,230.7352954590765,536.179043599913,608.2169212540089
55,117.72599605978722,704.4665136061014,461.6962675101275,875.4487011622049,438.03543875771607,324.50249161012255,522.1521263749223,566.0493355687444,893.9415120386327,700.1240897715134,829.8503317615413,547.8604831693965,233.05779984545245,596.0590866454239,946.3004453601847,327.85532076261484,780.8134460298539,296.7935374118554,580.6200857573594,420.35260278270687,547.5515445339786
56,476.87831344099374,241.34698187069554,530.8467648879256,37.14006809460408,836.28387458739,147.82766253925473,933.4534191877135,40.51263380886371,89.85999267348971,213.23260147224985,933.4975701586275,224.1662922113283,391.7570062456786,131.5092437886026,565.8661734077014,503.1666226704418,228.1150523258613,811.1345779560268,365.58919570740903,378.9286201523073,417.5645553426449
57,840.926318921484,26.128543504504865,420.8473143359485,287.0868842547659,719.3933101594988,552.8847327462487,802.8160443442589,600.0964525538691,687.6138491105908,333.1596836874113,28.903803307005905,773.967102592725,689.1666199628553,341.82099918353816,914.4349196680021,841.2381629825112,895.1566891828088,391.85598937232834,141.270695762003,693.540161412633,994.682519075557
58,453.9940145241638,304.98417973295824,208.55421402631146,559.3131678081922,367.82808126595404,940.924961436989,637.4594143158455,534.2005199903967,753.7656095709184,235.13994828527632,592.2067835858547,261.45718307599816,425.1148104744332,441.0875153718322,28.885688831150066,633.691153304695,424.37724674360726,350.6516284020813,755.8757706999831,949.1494688822365,766.0332240462899
59,377.3701198746907,562.5092094257722,35.28349514865796,762.8260475560259,166.52020694521693,228.83264892696636,229.4268500890087,666.7825020916814,104.245494776793,80.2463168719093,463.7587128575508,297.91467710796246,250.41172188322324,739.5097201571893,771.1217958518747,113.70108725324077,704.3720119233477,900.0945601618272,108.85888699360358,662.9107947824693,522.0979695379656
60,953.0170821839306,885.9250697765513,684.0415939430967,400.84558790951144,651.5892625223396,574.5705597261199,303.43770193612625,346.1885995293991,824.3338080005506,205.9150041121177,222.43017211474003,425.31360105325916,574.954905063162,124.03993327258597,653.7226414383706,929.7836372630046,291.2790741491738,702.834673186074,857.8219682649021,977.3210650171967,78.7934741679481
61,804.6184300894906,741.9421029349957,318.0883671372817,764.8680838198519,278.0167525241052,812.6908901227217,683.8236299001283,603.3120479934648,222.97948103894225,699.5095262659983,162.8166965142806,764.9138683297537,876.0312450587746,178.6177290915451,110.42938071757096,628.1956934684321,545.5087788041151,448.8932109194715,561.0191146123806,73.66738790621558,988.4017807912076
62,118.04749130404598,848.6399894535057,303.7830509571337,469.5099887493117,501.6288374538648,593.6187478281023,235.18171939795621,798.3129464122181,715.9231362814268,768.2236831314858,598.0488752424216,121.1365115633713,232.13001663673612,962.4110908879807,192.44296263100506,906.6322177299481,637.3743561868549,352.5916174147021,598.7092175286398,101.54973819789842,93.897278324229
63,393.9051454380303,458.9391844016182,764.3460334636165,554.9865954151127,731.9343013058284,160.09548622293042,749.6903519168008,473.59679056844664,375.7114950024093,653.9123646190333,700.8101408191433,116.94529292096588,608.0111517812218,420.2288483986526,259.26302973385214,830.845748272998,81.03303754151959,321.6524474445875,915.8836443793961,446.62886395864786,99.75208087223984
64,341.23332943479676,437.09753115733696,175.68420381889308,653.394884048472,959.1563280651203,584.2705935253977,566.949442142817,530.6129017909101,386.35258522375443,339.7232603129977,774.6258099957456,735.8244021936526,97.06143540907314,657.0531788604374,522.7987605010329,351.9566671947535,758.4915452031728,171.92081032984822,259.9831537380939,33.60447597343156,805.9723176965043
65,456.899660087451,444.92463334640263,388.0471933118424,397.50280386461367,566.5762371124708,75.03763223302025,498.5512388494328,180.71559240804856,853.0283304809436,654.7285903938016,687.9522561087375,138.52446356363407,795.0741982587948,881.0955844736326,100.25445702859969,658.3415062462333,165.3473961870977,681.8723952719946,715.903928019246,50.31839854255011,819.9495031186711
66,160.2740572247122,883.396845902871,68.52303026346569,688.2741603963697,894.6084597616237,910.6835488527196,733.4358345344134,652.4897205765418,809.2736779397762,19.807853879188915,773.7580557856007,373.2797016844617,843.1280531523596,188.85187011990521,856.1232156257016,55.31851310819324,887.3061184129783,324.82736781201686,296.645399233959,57.62748034247519,737.8535221742873
67,661.4308028816035,930.5615675032208,352.32849443474464,811.3726781836872,39.46288184772876,426.5522641510785,948.6491861479884,184.20084999433564,634.748867028095,118.71749460989193,601.0314766395078,415.4383906322825,399.3599752505567,271.8264714919556,159.84468351692294,57.79714083683119,92.90292556271797,292.7705486814674,340.2837216869883,400.59783468226476,706.818301491436
68,681.6899240874475,892.4775243546493,508.0093492656887,928.3889759074092,120.57710380045708,223.11707128353837,720.5183665524437,216.18551903906635,416.4586637868852,521.1680994374891,683.5605512761185,861.4019113716872,661.534940404069,804.4105460156318,243.1081090236717,637.852564298364,6.897623960183176,522.5618330475977,563.1261088908693,399.9716358947746,659.2502371053283
69,850.2817490596897,772.5276676315964,884.1121211782563,211.18992232856985,528.3452420045909,363.99039849935673,751.6232022643893,403.16191031692284,22.243521583452072,827.1662622653236,144.5047041771742,253.79100343361344,269.64707363045846,20.013438500403737,721.0907753295153,492.4419127135546,725.6509848991749,194.95156245162875,706.5576583515592,97.5326496641972,45.55756283181272
70,355.84224682997126,499.0806587159162,679.1508127919864,390.8925846587581,660.4610055970589,874.7115422320726,713.9977944686652,859.9380305121364,644.8466730887621,16.555649317036938,403.5646549147103,199.29808568497688,295.27842180783637,218.464119343183,509.9538464593863,731.109643683927,725.210242142806,323.05179215277377,423.01410661692813,253.4544213789084,674.5380319181256
71,646.620658587776,960.475787064216,458.84552027274344,921.2952617862217,228.89957432688888,697.6887848301669,779.7470194053309,980.3599055397551,137.5068723539502,725.3583999056343,537.548420305329,220.20969052598906,672.5434357852154,487.9942798833346,330.5174880252488,819.5264811626093,980.5521106785491,943.7619870356993,764.4110171873102,103.25465734486406,970.7674248956997
72,820.8981077741332,925.2392953371951,240.8063620568584,26.933566450011433,688.5151964521618,15.531322588816549,637.5528029807882,615.2937062871254,257.1091963086079,32.230806109669594,94.25372262080022,435.3364698103306,972.7550711060651,495.79281381846243,456.9780658121732,369.9920328316918,772.1615795338924,168.66556788382047,804.5630286139444,490.43819809489946,876.8437470164298
73,25.922704882138667,919.3978856884537,852.0972861159177,695.1719392877956,302.44617729849097,206.21736195913795,500.43635492891025,628.2617797925124,506.40248547298467,503.4342836536121,474.0728788020373,344.744080130828,209.11411268798858,81.22532274721154,743.7846798817742,4.176076819899136,728.727450362217,710.198672173701,121.40303040650082,517.8170876176437,861.5512316728154
74,213.32716244889417,543.7968149774172,992.3787182506933,906.062363771332,970.0586608082206,613.3866552249364,689.1166800051132,607.4911213562916,140.0192760028627,524.9297720999535,249.04859344512823,341.7140709260088,920.3006624593551,920.535475749143,59.599709040759905,191.3321725240419,522.4505518602632,628.4326675583944,207.73460985672074,666.7796421672648,704.6053605685913
75,740.0262734662618,871.2722773131499,607.4676981284925,210.62472000907223,958.481081043177,266.12822155126565,876.7704060272853,418.79228455268264,746.6685603265104,936.9764839830733,238.99221229772007,453.0444008664955,553.1217356629867,773.1002944785898,476.6859021254576,958.430254277102,143.67879246988213,759.334550670042,884.0978535782716,3.830723649530397,369.9449232304992
76,434.0758827410918,553.9752618088222,614.1209914726312,288.0408408986009,532.4137967810035,103.23813826262636,327.91036565041776,414.20899855030854,118.23364908066048,916.135111392581,138.6049621424897,950.2495281392108,391.46991839838637,731.2473786219755,739.3994637268478,477.07128924731273,12.941727791382826,950.3604926423384,858.5561106592224,294.32076696268103,58.536421789379204
77,275.10005999991336,595.5156387364798,66.3529916784668,809.588932691947,226.59454291049417,480.9053578711887,112.46863994413467,873.6076124859534,976.4911220540616,31.052492505621913,884.9876151375511,801.6565700586948,79.64042942872251,308.2710793467579,258.7162027571344,250.2179734926574,248.44015269384113,667.2481520337892,182.36295590351688,81.6349227745404,701.1671833237757
78,444.0345699746955,757.4644717171896,706.8260368264787,686.5560904595364,578.4716446653035,613.0734715864921,702.7206646352112,476.20595176223907,263.2005758877077,140.2378094695634,231.07078361445227,984.2373220841287,601.8218776172899,137.31009851915806,768.5359615048621,196.6373725895013,277.49137499548084,373.6791704703509,869.341676960857,673.155453410908,864.1808954224575
79,175.08611323572194,611.8556934389354,640.7024552369114,968.5593997458793,60.41287339977642,444.3957789986497,447.00187355466704,494.37050043389263,174.9205723739754,815.2568483973232,140.69916649875026,518.5429057038875,685.9019587891045,352.4788190868357,615.8288803448427,360.91312669659897,680.3601354841826,560.6054522278483,643.7691267356256,378.91123856385667,320.0040344373089
80,64.09653170471039,78.36560642916368,972.4590408464276,700.5412090537867,291.773819600787,809.7316214893561,963.6676619082042,136.82677882268456,972.772502003122,827.8660846334352,561.9981476088557,514.310141335293,856.2090412297064,614.351838454736,657.4878931329984,477.8821504292885,246.58253647099903,685.3935455385,778.6924179087657,74.97920953810596,331.5328816994896
81,413.7019941378195,652.6114190622956,166.18332245795344,280.13775963830443,301.28209071490954,587.1457621900344,345.095440902921,922.8287714880886,968.7620570065944,639.7591540125807,488.6052679392385,666.5824151339654,50.882322227256935,322.5714476079067,248.41145118524656,556.669443301503,21.896337012285052,948.2010524613725,995.5129165606832,995.7680876819653,953.0867479894696
82,391.8234815983449,744.828087197726,357.18244489439576,953.8086717310722,565.1202496952615,520.3076632680285,13.878457104682575,843.0178804797166,126.79796107538463,954.129679666221,865.2821462347986,934.3905411362952,872.0963487322301,21.27569666277157,472.75050578252916,215.76257567519403,365.32858138052745,581.3988540174545,533.1815337672664,377.9322872687462,555.6626005756074
83,887.7760678250789,974.8125286595669,611.2827932266175,597.4202495129263,287.2993434484337,8.87073878359197,747.3266546649974,371.23674349997657,519.0706220495497,269.9899882968777,365.7552222749833,771.5674775237824,738.7655882762648,553.2514488090212,560.5169784018693,672.3744220519574,574.9472553385341,270.6414099259133,583.2919418266561,520.5312475246708,381.2790234154979
84,214.55598734461793,823.2283058559997,628.724983278768,589.7169328518089,203.26907970298555,94.91255437732286,663.3165524375014,327.3984101987147,812.5751840968227,698.1044956444935,485.6615862596829,608.0491007632974,490.0051680920665,485.1114035192411,564.2497457232658,960.8273927338802,631.0061597226788,579.8519671725905,284.8654260254084,54.8967817537023,22.85760646651875
85,781.4475509513339,634.5491257429368,562.5252313477688,408.0873282558609,541.6416202519214,839.3695248840373,975.4956648465395,676.951043163574,22.649847702352847,359.9127580259328,23.48654035922128,757.1125126972078,882.3114885511477,486.58912244347084,23.540613369008224,324.1123401657715,380.52059717724086,345.40888256720893,138.72424090844783,938.3441766612385,951.9732717845295
86,438.57262874056136,928.8482955886918,637.9891115484102,527.9123635977887,330.0059853969798,500.4361265671771,784.5918627045946,859.4206198233753,983.60700599611,984.5583410437862,339.4842953780664,84.4429657301318,674.3783117154701,66.76360945480677,150.76546353825117,322.2118965515166,505.604950806462,561.4538921595524,396.51774694060447,853.3071746129573,826.6060738645756
87,104.0560961399184,859.5023483634723,774.0513002699653,632.2651848635041,114.23130814803781,342.7947430807113,662.2226202888387,900.0863582519328,381.4768401673251,491.0209056553655,950.2197276312683,869.1717821094502,684.3713428828006,956.0620438906161,844.1368282884555,202.92286292673518,322.68024506976906,609.1758451067794,154.83447104257016,298.1802797125203,639.6101666848343
88,937.1604260319771,636.2341635362284,755.3381688926816,873.248267062692,278.28992038543294,718.9841846580457,626.6419992470577,523.1997143193176,638.3830614004071,179.19413439032223,561.9010067926106,884.122304296974,314.43713681225597,938.5358657040321,802.2130469626389,94.87191381633212,201.03836868917622,268.3882089031354,82.21266588492605,896.5325418686992,11.51025290246744
89,866.1369750562123,97.30572110417481,766.0949978387742,28.510956354808314,972.6112288193702,569.4774303704672,709.2991754880793,800.6064064657851,990.468700023248,503.75853096077407,693.1883034761707,10.19551115330301,41.89889595234651,999.2470793527388,261.4984804263267,573.3010796496231,149.55184149285273,28.169305633363994,889.6651031503736,333.1429073785513,250.40489950662405
90,820.5259931153379,885.7589644816178,270.69347132826124,339.36189250794496,329.0844808065006,560.4678398324576,244.88319805535548,545.3482973045084,31.653715233007794,759.900456026561,454.4370355081028,323.0554475990687,238.37579857156877,201.075028541257,456.2794416820331,350.6863777207126,486.42769300376494,469.3801896171944,102.65365592074029,307.45753391733297,146.15603244683862
91,305.35171514899616,701.0696326163961,388.84199949770436,551.2911877426496,866.9492223023177,406.1936009198245,265.1863249941718,668.3033990822425,83.27424924598796,188.39902949745945,145.84730753731665,796.1948601333976,527.9335305294719,689.3525129817875,902.2135022997124,537.4705854370535,536.8142845111213,816.0181780050901,173.19271011678867,99.60655498996653,847.4321470785158
92,368.8407207487217,574.0658034285865,950.0256413517455,130.53068118412855,44.74545242858864,221.99367312058797,698.209953070724,538.0939502705518,677.7613695999701,347.81303999284273,844.4353698078044,423.0528405254756,452.1640642644626,838.4643206704827,408.8949053079335,883.3735765938843,568.5109583674426,34.61532277646442,896.9739639489636,310.7137904367165,813.7736718322793
93,195.0277685612791,558.8987615472571,53.45348474470476,386.3326100200458,354.5444918129858,218.5568995564023,800.6840907915224,227.56199838805165,667.8914194294147,613.7618916618906,708.9288771042073,981.2674491257691,192.085490465537,58.49961511669113,296.3090489661293,770.9737786902858,622.1299842280436,712.0161744162084,952.72586308744,427.1930344112033,473.5011094678747
94,438.3026122111101,263.9610351515019,214.23951815986092,947.152593406828,331.06883757970826,872.717127450952,236.16907490088775,813.0489745682592,257.618521347477,568.9665748805307,258.8719889685815,912.5917359627357,256.06095923470986,951.8320587175795,637.1936832416601,266.8197230873068,167.1047434503265,68.49911594771253,989.3085479608711,257.40331207799557,468.55663666467086
95,344.9594324400133,724.9882775535864,542.8153910801233,411.57611779128683,827.7639233332686,351.35899656582933,385.73426424587996,183.52223951564457,103.00299005522773,641.4525332735501,875.2845729109364,419.9008090029526,524.0375732373942,91.79253107485323,689.5546299142644,998.5846746884781,11.633352359046151,773.9926449837089,671.9241467595035,268.8457153470487,30.993036811777486
96,929.8826578132624,896.3403799127664,238.03428513741852,240.59319844453316,154.08126632011178,176.94719777453022,650.0024758710031,442.5772692136017,676.7628355584948,3.116270818453392,141.2864823099884,414.5585240683454,616.9057760990138,925.5292101265496,518.5131229393664,671.7817647415228,335.4925109548925,120.04153718615103,180.6702813909557,550.9881845676679,616.4531228339621
97,332.8909606506347,250.8965969627974,418.4903416192773,27.31276144890696,6.254433817339545,17.028216817204488,836.1375313286687,723.8493990303464,617.7093278391316,171.36954730086612,529.4653023896335,969.414668497597,411.325082577157,189.57853523589424,527.1283944044553,620.3148282713138,869.4569165857852,124.98297595529537,787.5340228335398,767.185579694304,589.3023299145692
98,586.8946514207565,855.0423171012392,139.2948536581877,866.4427337895197,859.2828856357377,19.162961196499587,303.2788660428907,830.6592132620949,717.4954272250786,588.9383679718128,243.85545634506136,600.6671092955218,735.7787471284806,948.9621772221425,265.36415520976936,183.06533635915477,834.2995015554425,616.4044501919017,558.4512001579994,428.83502245978457,457.7365692718866
99,510.4832502799728,661.1238439734398,573.5719557084991,417.384690967434,824.3565665645257,218.06254894686964,428.67583930982136,987.9021870115159,237.81564421535887,805.0388714520852,251.0348570826588,28.821626873668173,476.2021295905112,743.8267063404141,902.0129572865915,14.978710320283,868.8574567805786,673.0559871262717,305.1032494697175,186.56647188979167,943.3110083094233
