,pAkt_1,pAkt_10,pAkt_2,pAkt_3,pAkt_4,pAkt_5,pAkt_6,pAkt_7,pAkt_8,pAkt_9,pS6K_1,pS6K_2,pS6K_3,pS6K_4,pS6K_5,pS6K_6,pS6K_7,pS6K_8,pSmad1_1,pSmad1_2,pSmad1_3,pSmad1_4,pSmad1_5,pSmad1_6,ppErk_1,ppErk_10,ppErk_2,ppErk_3,ppErk_4,ppErk_5,ppErk_6,ppErk_7,ppErk_8,ppErk_9
0,0.0,0.0,0.0,1.0358030252177741e-05,0.0,0.0,0.0,0.0,0.0,0.0,0.0,0.0,0.0,0.0,0.0,0.0,0.0,0.0,0.0,9.737720496616475e-08,1.5668354969022857e-07,0.0,0.0,0.0,0.0,1.9782646631938405e-09,4.959872512699803e-09,0.0,0.0,0.0,0.0,0.0,0.0,1.2647660696529783e-09
1,0.0,0.0,0.0,0.0,0.0,0.00043321705312318604,0.0,0.0,0.000427120232344147,0.0,0.0,0.06057196191666492,0.0,0.06060261334920369,0.0,0.04078337374882324,0.0,0.0,0.0,0.0,0.0,0.0,0.00019313825349343006,0.0,0.0,1.5006662579253316e-11,0.0,0.0,0.0,0.0,0.0,0.0,0.0,0.0
2,0.0,0.0,0.0,1.0659998483930622e-07,0.0,0.003336439069112185,0.0,0.0,0.0033354328295494007,0.0,0.0,2.9670078589560944e-06,0.0,2.9689945932886985e-06,0.0,1.8994977466491036e-06,0.0,0.0,0.0,0.0,0.0,0.0,2.190686504555117e-05,0.0,0.0,0.0,0.0,0.0,0.0,0.0,0.0,0.0,0.0,0.0
3,0.0,0.0,1.4568720970276061e-05,0.0,1.097250173143216e-05,0.0016908238968806888,0.0,0.0,0.0016874461402509588,0.0,0.0,0.0,0.0,0.0,0.0,0.0,0.0,0.0,0.0,0.0,0.0,0.0,8.02645224950993e-06,0.0,0.0,0.0,0.0,0.0,0.0,0.0,0.0,0.0,0.0,1.1618794815149158e-10
4,0.0,0.0,1.1464250206372206e-06,8.062547254827912e-08,1.2270504931854997e-06,0.00030624626348269013,0.0,0.0,0.00030668317914417376,0.0,0.0,0.0,0.0,0.0,0.0,0.0,0.0,0.0,0.0,0.0,0.0,0.0,0.0,0.0,0.0,1.3579892765847035e-10,0.0,0.0,0.0,0.0,0.0,0.0,0.0,1.4358647604240105e-10
5,0.0,0.0,1.4095610634257127e-06,0.0,0.0,0.0018676916067148497,0.0,0.0,0.0018717861459827123,0.0,0.0,0.00018874318922712519,0.0,0.00018853872064994448,0.0,0.00016274369997404392,0.0,0.0,0.0,0.0,0.0,0.0,5.141558412802283e-06,0.0,0.0,6.767493232473498e-09,0.0,0.0,0.0,0.0,0.0,0.0,0.0,1.5162981981120538e-08
6,0.0,0.0,0.0,1.8659911611429436e-06,0.0,0.0009698778565745414,0.0,0.0,0.00097136313733448,0.0,0.0,1.6683309596032814e-05,0.0,1.6741718383173065e-05,0.0,0.0,0.0,0.0,0.0,0.0,0.0,0.0,0.0002723728613815979,0.0,0.0,8.802771844784729e-10,0.0,0.0,0.0,0.0,0.0,0.0,0.0,0.0
7,0.0,0.0,0.0,0.0,0.0,0.0009650455247747214,0.0,0.0,0.0009556274001130127,0.0,0.0,0.009512504999790394,0.0,0.009557352865158464,0.0,0.006318783162981845,0.0,0.0,0.0,0.0,0.0,0.0,9.857949393321519e-05,0.0,0.0,0.0,0.0,0.0,0.0,0.0,0.0,0.0,0.0,0.0
8,0.0,0.0,0.0,0.0,0.0,0.0016541475190048338,0.0,0.0,0.0016661611726211945,0.0,0.0,9.89475097412651e-08,0.0,1.360983077347555e-07,0.0,0.0,0.0,0.0,0.0,0.0,0.0,0.0,0.0,0.0,0.0,2.7606802177615464e-08,0.0,0.0,0.0,0.0,0.0,0.0,0.0,3.61763454748143e-08
9,0.0,0.0,0.0,6.828936906799754e-05,4.900099710170025e-05,0.0,0.0,0.0,0.0,0.0,0.0,0.0,0.0,0.0,0.0,0.0,0.0,0.0,0.0,4.366317085668925e-09,0.0,0.0,0.0,0.0,0.0,2.170850166294258e-10,0.0,0.0,0.0,0.0,0.0,0.0,0.0,3.560671757441014e-10
10,0.0,0.0,0.0,0.0,0.0,0.004662057433125533,0.0,0.0,0.004654732247838744,0.0,0.0,7.054076448298474e-05,0.0,7.064062870654197e-05,0.0,5.5314103605041964e-05,0.0,0.0,0.0,0.0,0.0,0.0,6.441961467373858e-06,0.0,0.0,0.0,2.6716406864579767e-12,0.0,0.0,0.0,0.0,0.0,0.0,0.0
11,0.0,0.0,9.596710863479796e-08,0.0,4.670808238793622e-08,6.533115327876649e-05,0.0,0.0,6.550845248286252e-05,0.0,0.0,0.007147629088606777,0.0,0.007125651607438499,0.0,0.004202172545859639,0.0,0.0,0.0,5.748469820154867e-06,1.1508777335578202e-05,0.0,8.523914964975177e-05,0.0,0.0,1.578632691234816e-08,1.4950103377486812e-08,0.0,2.527206675040361e-06,0.0,0.0,2.5336063345093862e-06,0.0,3.119225766567979e-09
12,0.0,0.0,0.0,0.0,0.0,0.004219632957247921,0.0,0.0,0.00421958538455014,0.0,0.0,0.00018579602502200032,0.0,0.0001857988417270917,0.0,0.00017521151033861315,0.0,0.0,0.0,0.0,2.6770950434240603e-07,0.0,6.892603773422934e-05,0.0,0.0,6.139089236967266e-11,4.376943252282217e-12,0.0,0.0,0.0,0.0,0.0,0.0,0.0
13,0.0,0.0,3.5672744111946153e-09,0.0,0.0,5.693577956986714e-06,2.0485035128695733e-08,0.0,5.210924012200805e-06,0.0,0.0,0.0,0.0,0.0,0.0,0.0,0.0,0.0,0.0,0.0,6.135212959890168e-06,0.0,0.0,0.0,0.0,0.0,0.0,0.0,0.0,0.0,0.0,0.0,0.0,0.0
14,0.0,0.0,0.0,0.0,0.0,0.015367325635169848,0.0,0.0,0.015325489141734039,0.0,0.0,1.273298693149627e-07,0.0,1.277054764159402e-07,0.0,0.0,0.0,0.0,0.0,1.1425044377233462e-07,1.717830286906974e-07,0.0,7.860174010332344e-06,0.0,0.0,0.0,1.5869545677560382e-09,0.0,0.0,0.0,0.0,0.0,0.0,0.0
15,0.0,0.0,1.0528549689026168e-07,0.0,0.0,2.707650361282593e-05,0.0,0.0,2.7132206596273967e-05,0.0,0.0,0.00919360016113302,0.0,0.009122965817937256,0.0,0.0005794380634256413,0.0,0.0,0.0,0.0,0.0,0.0,0.00021489312704847663,0.0,0.0,9.373479770147242e-11,0.0,0.0,0.0,0.0,0.0,0.0,0.0,1.1362999430275522e-10
16,0.0,0.0,0.0,0.00011163083161669363,3.624149255898601e-05,0.018771757958168322,0.0,0.0,0.01877496304615711,0.0,0.0,1.6975280914266477e-06,0.0,1.7233270881433782e-06,0.0,9.279520583049816e-07,0.0,0.0,0.0,2.787814370464048e-07,0.0,0.0,3.606983852932899e-06,0.0,0.0,1.625197785051248e-10,3.0229246829511797e-09,0.0,5.052001259203074e-07,0.0,0.0,5.066718649004368e-07,0.0,0.0
17,0.0,0.0,0.0,6.505243676979688e-05,0.0,0.002815642456263756,0.0,0.0,0.0027703943348469373,0.0,0.0,0.0,0.0,0.0,0.0,0.0,0.0,0.0,0.0,0.0,9.137050067664632e-07,0.0,4.8222019387367254e-05,0.0,0.0,0.0,0.0,0.0,0.07429080882872086,0.0,0.0,0.07402179207451809,0.0,3.2110986182942725e-05
18,0.0,0.0,0.0,6.011628869373453e-06,1.620091950371716e-06,0.0,0.0,0.0,0.0,0.0,0.0,0.0,0.0,0.0,0.0,0.0,0.0,0.0,0.0,0.0,0.0,0.0,0.0,0.0,0.0,0.0,0.0,0.0,6.270629675061339e-07,0.0,0.0,6.271347726135939e-07,0.0,0.0
19,0.0,0.0,0.0,0.00021413497956501715,0.0001680123459060212,0.02476213837353214,0.0,0.0,0.02466597622123956,0.0,0.0,8.958580224316393e-07,0.0,9.023781757377947e-07,0.0,0.0,0.0,0.0,0.0,0.0,0.0,0.0,2.8991313882897884e-07,0.0,0.0,0.0,0.0,0.0,0.0,0.0,0.0,0.0,0.0,0.0
20,0.0,0.0,0.0,0.00015002544533992968,0.0,0.0014017027091741685,0.0,0.0,0.0014018261026436107,0.0,0.0,0.0005824166464947211,3.639569112579011e-05,0.000652775313895404,0.0,0.00040043355480179343,0.0,0.0,0.0,5.777317753086209e-07,7.240340231184916e-05,0.0,0.000221913833339471,0.0,0.0,6.157164875730814e-07,5.493784556165338e-07,0.0,0.0,0.0,0.0,0.0,0.0,0.0
21,0.0,0.0,1.4710328499756287e-06,0.0,1.3657731479099766e-06,0.0004946849456197167,0.0,0.0,0.0004940248632220312,0.0,0.0,9.811921415803226e-06,0.0,9.730971470389704e-06,0.0,4.961478552445442e-06,0.0,0.0,0.0,0.0,0.0,0.0,4.912343847962575e-05,0.0,0.0,0.0,0.0,0.0,0.0,0.0,0.0,0.0,0.0,6.760387805115897e-10
22,0.0,0.0,3.6477535276802087e-06,0.0,0.0,0.0010970780841894623,0.0,0.0,0.0010967088044964157,0.0,0.0,1.536623346964916e-05,0.0,1.5311930781081173e-05,0.0,0.0,0.0,0.0,0.0,0.0,1.8367693215282088e-06,0.0,0.00032500978975136263,0.0,0.0,0.0,0.0,0.0,0.0,0.0,0.0,0.0,0.0,1.2391865311656147e-11
23,0.0,0.0,0.0,1.5374176085547475e-06,0.0,0.0012140466726072718,0.0,0.0,0.0012152484270165909,0.0,0.0,0.00020185380334680758,0.0,0.0002022366639238271,0.0,0.0,0.0,0.0,0.0,8.198943284298821e-07,0.0,0.0,0.00011879883155074822,0.0,0.0,1.4105694390309509e-09,1.717580744298175e-09,0.0,0.0,0.0,0.0,0.0,0.0,0.0
24,0.0,0.0,7.482937630243214e-05,0.0,1.4484760185951018e-05,0.0,0.0,0.0,0.0,0.0,0.0,0.0,0.0,0.0,0.0,0.0,0.0,0.0,0.0,0.0,0.0,0.0,1.7100276785697588e-06,0.0,0.0,5.134154434927041e-09,0.0,0.0,0.0,0.0,0.0,0.0,0.0,3.6129677027929574e-09
25,0.0,0.0,1.6949859608317297e-05,0.0,9.346009504973551e-06,0.008804236861994497,0.0,0.0,0.008822311129982552,0.0,0.0,0.0,0.0,0.0,0.0,0.0,0.0,0.0,0.0,0.0,2.8040330946055292e-08,0.0,3.248743874806337e-06,0.0,0.0,1.6683543435647152e-10,0.0,0.0,0.0,0.0,0.0,0.0,0.0,2.440856405883096e-10
26,0.0,0.0,1.906497651305017e-05,0.0,0.0,0.038257091755770745,0.0,0.0,0.038459706253352266,0.0,0.0,0.0,0.0,0.0,0.0,0.0,0.0,0.0,0.0,1.530771953639487e-07,8.328669487411844e-08,0.0,1.2031442151894112e-05,0.0,0.0,2.5787016966205556e-09,8.964775588538032e-10,0.0,0.0,0.0,0.0,0.0,0.0,2.8434783416741993e-09
27,0.0,0.0,3.9233705869889945e-05,0.0,0.0,0.0,0.0,0.0,0.0,0.0,0.0,0.0,0.0,0.0,0.0,0.0,0.0,0.0,0.0,0.0,4.334072087885943e-07,0.0,0.0,0.0,0.0,6.446043698815629e-11,0.0,0.0,0.0,0.0,0.0,0.0,0.0,6.184563972055912e-11
28,0.0,0.0,0.0,0.0,0.0,0.002398876539657424,0.0,0.0,0.002392067151947286,0.0,0.0,0.0,0.0,0.0,0.0,0.0,0.0,0.0,0.0,0.0,1.867707558034226e-05,0.0,3.825674876978269e-05,0.0,0.0,0.0,0.0,0.0,0.0,0.0,0.0,0.0,0.0,0.0
29,0.0,0.0,0.0,0.0,0.0,0.0011342456440843751,0.0,0.0,0.0011303117369438898,0.0,0.0,7.091519421464909e-06,0.0,7.123782992835004e-06,0.0,3.1777286295664453e-06,0.0,0.0,0.0,1.662949866698682e-06,5.959914114228582e-06,0.0,3.811767946793054e-05,0.0,0.0,0.0,3.8539837987627834e-11,0.0,0.0,0.0,0.0,0.0,0.0,0.0
0,0.0,0.0,2.3028100272881602e-05,0.0,0.0,0.0,0.0,0.0,0.0,0.0,0.0,0.0,0.0,0.0,0.0,0.0,0.0,0.0,0.0,0.0,5.262245750259353e-09,0.0,0.0,0.0,0.0,4.581579560181126e-11,0.0,0.0,0.0,0.0,0.0,0.0,0.0,8.924416761146858e-12
1,0.0,0.0,0.0,5.752249969404044e-07,0.0,9.756328281093629e-05,0.0,0.0,9.616851243096636e-05,0.0,0.0,0.020621660974583733,0.0,0.02102012884324722,0.0,0.0,0.0,0.0,0.0,1.1710242619145106e-05,1.8745068786074626e-06,0.0,0.00021803850648360878,0.0,0.0,0.0,4.891546154794923e-07,0.0,0.0,0.0,0.0,0.0,0.0,0.0
2,0.0,0.0,0.0,5.105426572615812e-07,0.0,0.0005936153750386031,0.0,0.0,0.0005950605421489175,0.0,0.0,0.005661108897825784,0.0,0.005672352751972198,0.0,0.004520667460099048,0.0,0.0,0.0,1.2144590328944105e-06,5.156776730075308e-07,0.0,2.838211417532932e-05,0.0,0.0,2.1583446141448803e-10,1.1431211532908492e-10,0.0,0.0,0.0,0.0,0.0,0.0,6.684786058031023e-11
3,0.0,0.0,0.0,0.0,0.0,0.0,0.0,0.0,0.0,0.0,0.0,0.0,0.0,0.0,0.0,0.0,0.0,0.0,0.0,5.489855112728037e-07,1.103589809758887e-06,0.0,0.0,0.0,0.0,0.0,5.03632691106759e-11,0.0,0.0,0.0,0.0,0.0,0.0,0.0
4,0.0,0.0,0.0,0.0,0.0,0.002235723553948965,0.0,0.0,0.002233796103903618,0.0,0.0,0.0003416331105086101,0.0,0.0003430692829340387,0.0,0.00012289677553667389,0.0,0.0,0.0,5.885933989091541e-06,7.916219139758596e-06,0.0,0.00010102080397977886,0.0,0.0,3.223618705305853e-08,5.111948496505647e-06,0.0,0.0010261417090191571,0.0,0.0,0.0010238026628144326,0.0,0.0
5,0.0,0.0,0.0,0.0,0.0,0.0009344630582484026,0.0,0.0,0.0009397524932307499,0.0,0.0,1.1155760972769713e-06,0.0,1.1167999360850445e-06,0.0,0.0,0.0,0.0,0.0,0.0,0.0,0.0,5.4477736894043005e-05,0.0,0.0,3.709033080667723e-10,0.0,0.0,0.0,0.0,0.0,0.0,0.0,4.3712589103961363e-10
6,0.0,0.0,0.0,0.0,0.0,0.00017047727648727973,0.0,0.0,0.00017006007922271138,0.0,0.0,0.0003144110768147357,0.0,0.00031501717158732845,0.0,0.0,0.0,0.0,0.0,0.0,1.0436670763169786e-06,0.0,0.00018153301323131643,0.0,0.0,0.0,0.0,0.0,0.0,0.0,0.0,0.0,0.0,6.301092980720568e-10
7,0.0,0.0,3.290545379064369e-06,5.430744212109317e-07,3.833619800275301e-06,0.0,0.0,0.0,0.0,0.0,0.0,0.00021386267171408235,0.0,0.00021298970033001297,0.0,0.0,0.0,0.0,0.0,1.1259542453956328e-07,0.0,0.0,0.0006735718845689576,0.0,0.0,0.0,4.0245140553452075e-11,0.0,0.0,0.0,0.0,0.0,0.0,0.0
8,0.0,0.0,6.5641571932451015e-06,0.0,4.197752628831708e-06,0.0004016171064846752,0.0,0.0,0.00039890459084446217,0.0,0.0,0.0001890988171595609,0.0,0.0001870129842274082,0.0,0.0,0.0,0.0,0.0,0.0,0.0,0.0,0.00017269730946267714,0.0,0.0,0.0,0.0,0.0,0.0,0.0,0.0,0.0,0.0,9.663381206337363e-13
9,0.0,0.0,4.14541476700947e-07,0.0,7.822832832904414e-08,0.0001384335529701769,0.0,0.0,0.0001384314763404476,0.0,0.0,0.006713859365793162,0.0,0.006673243923325245,0.0,0.005844743944984465,0.0,0.0,0.0,0.0,7.217129812886469e-06,0.0,2.5091070522620385e-05,0.0,0.0,4.501998773775995e-11,0.0,0.0,0.0,0.0,0.0,0.0,0.0,1.248849912371952e-10
10,0.0,0.0,4.048762327624189e-06,0.0,3.058132092892407e-06,0.0031727393741296517,0.0,0.0,0.0031744043158967727,0.0,0.0,6.084438811626569e-05,0.0,6.077823077532685e-05,0.0,1.819853379458891e-05,0.0,0.0,0.0,0.0,1.8499858089882082e-06,0.0,4.551971842836622e-05,0.0,0.0,8.924416761146858e-11,0.0,0.0,0.0,0.0,0.0,0.0,0.0,3.5640823625726625e-11
11,0.0,0.0,0.0,0.0,0.0,8.949287899090441e-05,0.0,0.0,8.847994666488779e-05,0.0,0.0,0.08864092466885864,0.0,0.08839892295274865,0.0,0.0,0.0,0.0,0.0,0.0,0.0,0.0,0.00030466728738787197,0.0,0.0,6.752998160663992e-11,2.3516122382716276e-10,0.0,0.0,0.0,0.0,0.0,0.0,0.0
12,0.0,0.0,0.0,4.090289345559661e-07,0.0,0.0006637737253297193,0.0,0.0,0.0006654394146068388,0.0,0.0,0.004898699291302933,0.0,0.004904983809566943,0.0,0.0032352152428387626,0.0,0.0,0.0,0.0,0.0,0.0,6.391612553002801e-05,0.0,0.0,2.4707583179406356e-07,0.0,0.0,0.0,0.0,0.0,0.0,0.0,6.965422016946832e-08
13,0.0,0.0,0.0,0.0,0.0,0.00021192095103469977,0.0,0.0,0.0002123906587379043,0.0,0.0,0.011271590699237777,0.0,0.011302408854760415,0.0,0.009471327791146678,0.0,0.0,0.0,0.0,0.0,0.0,3.628288290613568e-05,0.0,0.0,4.788553269463591e-07,0.0,0.0,0.0,0.0,0.0,0.0,0.0,4.1335232481287676e-07
14,0.0,0.0,0.0,2.9953869222221208e-06,0.0,0.0006175891315913229,0.0,0.0,0.0006154517829285444,0.0,0.0,0.0,0.0,0.0,0.0,0.0,0.0,0.0,0.0,9.39326796967066e-06,1.7593157236817092e-05,0.0,0.00015442805416476801,0.0,0.0,0.0,9.134737410931848e-11,0.0,0.0,0.0,0.0,0.0,0.0,0.0
15,0.0,0.0,0.0,0.0,0.0,0.00020802951124160307,0.0,0.0,0.00019167762789196185,0.0,0.0,0.02695573612433222,0.0,0.027623996467649903,0.0,0.017376415100802234,0.0,0.0,0.0,0.0,2.378268433744779e-06,0.0,2.1098201779423675e-05,0.0,0.0,0.00015465720917973158,0.0,0.0,0.07357431009012316,0.0,0.0,0.07331950798862863,0.0,0.00012702552174914672
16,0.0,0.0,0.0,1.096870682992801e-05,5.061554002594448e-06,0.022580059031788835,0.0,0.0,0.022596009852001053,0.0,0.0,2.1398906824288133e-07,0.0,2.1425412910502928e-07,0.0,1.324319072182334e-07,0.0,0.0,0.0,1.4032501383098861e-08,0.0,0.0,5.992094754603272e-06,0.0,0.0,2.4130031306413e-10,1.1937117960769683e-12,0.0,0.0,0.0,0.0,0.0,0.0,1.9969093045801856e-10
17,0.0,0.0,4.7221529797525363e-07,1.6893452547961374e-06,2.161560552771391e-06,0.0018813459913098463,0.0,0.0,0.0018764986226074143,0.0,0.0,0.0,0.0,0.0,0.0,0.0,0.0,0.0,0.0,0.0,0.0,0.0,2.749619470954201e-05,0.0,0.0,0.0,0.0,0.0,0.0,0.0,0.0,0.0,0.0,0.0
18,0.0,0.0,0.0,0.0,0.0,6.346811183649548e-05,0.0,0.0,6.320525967835888e-05,0.0,0.0,0.06920181051847862,0.0,0.06915566387768024,0.0,0.053437181976264014,0.0,0.0,0.0,0.0,1.609066806906867e-06,0.0,0.0,0.0,0.0,0.0,0.0,0.0,0.0,0.0,0.0,0.0,0.0,0.0
19,0.0,0.0,0.0,1.3090583338204453e-05,0.0,0.003341292363406634,0.0,0.0,0.0033518005280015473,0.0,0.0,6.989132828039146e-08,0.0,7.08666476612052e-08,0.0,0.0,0.0,0.0,0.0,3.288459016204115e-07,0.0,0.0,1.6891121736861692e-05,0.0,0.0,5.751473963755416e-09,5.64693891647039e-09,0.0,0.0,0.0,0.0,0.0,0.0,0.0
20,0.0,0.0,1.2634306956194052e-06,1.0521200642932271e-06,2.3155507599126324e-06,0.0013087939118145986,0.0,0.0,0.001309129207733406,0.0,0.0,2.979418511017684e-06,0.0,2.9685305520388283e-06,0.0,1.995769565610317e-06,0.0,0.0,0.0,1.2038496137734e-06,1.8547568103599588e-07,0.0,6.979904581250196e-05,0.0,0.0,1.3415046851150692e-11,2.063416104647331e-11,0.0,0.0,0.0,0.0,0.0,0.0,0.0
21,0.0,0.0,1.2183804764642758e-05,1.3814837211967301e-06,1.3565288485839488e-05,0.002999120806122413,0.0,0.0,0.0029887323747721517,0.0,0.0,0.0,0.0,0.0,0.0,0.0,0.0,0.0,0.0,5.634101309937023e-07,0.0,0.0,2.4134051706425907e-05,0.0,0.0,0.0,1.3642420526593924e-12,0.0,0.0,0.0,0.0,0.0,0.0,0.0
22,0.0,0.0,1.1388267798118079e-05,1.5543718106414417e-05,2.6931985904532496e-05,0.0040384436315719086,0.0,0.0,0.004027349322359264,0.0,0.0,0.0,0.0,0.0,0.0,0.0,0.0,0.0,0.0,3.801359127919568e-06,0.0,0.0,0.0003207648984062672,0.0,0.0,0.0,2.1890400603297167e-10,0.0,0.0,0.0,0.0,0.0,0.0,0.0
23,0.0,0.0,0.0,1.1942925973174034e-06,0.0,0.0006900942833552581,0.0,0.0,0.0006904945685701769,0.0,0.0,0.0,0.0,0.0,0.0,0.0,0.0,0.0,0.0,3.32491539900559e-06,0.0,0.0,4.841267874056143e-05,0.0,0.0,9.248424248653464e-11,1.0135181582882069e-10,0.0,0.0,0.0,0.0,0.0,0.0,1.9895196601282805e-12
24,0.0,0.0,2.0293013712757713e-06,0.0,4.170519807278339e-08,0.0002085416026440523,0.0,0.0,0.00021013679367565263,0.0,0.0,0.0,0.0,0.0,0.0,0.0,0.0,0.0,0.0,0.0,1.8036450146752259e-06,0.0,9.744338243056205e-05,0.0,0.0,2.0628476704587229e-10,0.0,0.0,0.0,0.0,0.0,0.0,0.0,2.1293544705258682e-10
25,0.0,0.0,0.0,0.0,0.0,0.0002656503518891906,0.0,0.0,0.0002716025274140943,0.0,0.0,3.021741918018961e-05,0.0,3.028590585074653e-05,0.0,0.0,0.0,0.0,0.0,1.1134166193471629e-06,1.3383866246385878e-06,0.0,8.270788132946905e-05,0.0,0.0,2.34194885706529e-10,7.031530913081951e-11,0.0,0.0,0.0,0.0,0.0,0.0,1.6581225281697698e-10
26,0.0,0.0,1.910167797269935e-06,0.0,0.0,0.002546832931940912,0.0,0.0,0.00254456818067883,0.0,0.0,2.3835065121602383e-07,0.0,2.3811669791484746e-07,0.0,0.0,0.0,0.0,0.0,0.0,3.966572492686282e-08,0.0,4.538635564799165e-05,0.0,0.0,0.0,0.0,0.0,0.0,0.0,0.0,0.0,0.0,2.490878614480607e-10
27,0.0,0.0,0.0,1.260231011768198e-06,0.0,0.016042209222909554,0.0,0.0,0.016042641751578213,0.0,0.0,6.13215910902909e-05,0.0,6.132760857724406e-05,0.0,5.858527363500343e-05,0.0,0.0,0.0,0.0,0.0,0.0,3.9903567232713044e-05,0.0,0.0,1.7467982615926303e-10,0.0,0.0,0.0,0.0,0.0,0.0,0.0,1.411990524502471e-10
28,0.0,0.0,3.119519322546116e-08,0.0,0.0,0.0,0.0,0.0,0.0,0.0,0.0,0.014114873330740352,0.0,0.013937583538904619,0.0,0.0,0.0,0.0,0.0,0.0,7.393559915414016e-07,0.0,0.0,0.0,0.0,9.777068044058979e-11,0.0,0.0,0.0,0.0,0.0,0.0,0.0,2.447677616146393e-10
29,0.0,0.0,3.779541781767648e-07,0.0,0.0,0.026329793708482985,0.0,0.0,0.02632892788784713,0.0,0.0,0.005698614403343072,0.0,0.0056985141881824575,0.0,0.005518584364821777,0.0,0.0,0.0,0.0,1.2788224328375009e-06,0.0,0.00044503672052975674,0.0,0.0,0.0,0.0,0.0,3.5464627785586345e-06,0.0,0.0,3.546414745869697e-06,0.0,3.0752289603697136e-11
0,0.0,0.0,0.0,5.1324991201529e-08,4.103321439574703e-08,0.00010611344143082735,0.0,0.0,0.00010641454696894148,0.0,0.0,0.0007926898060475196,0.0,0.0007915263119571136,0.0,0.0005738464187317049,0.0,0.0,0.0,2.382546629320359e-06,0.0,0.0,0.0,0.0,0.0,1.6365220290026627e-10,2.518163455533795e-11,0.0,0.0,0.0,0.0,0.0,0.0,1.1129941412946209e-10
1,0.0,0.0,1.220493463127692e-06,0.0,5.179988343817499e-08,0.0006163917193924839,0.0,0.0,0.0006163247645702419,0.0,0.0,0.00014228208104327678,0.0,0.00014191680253361483,0.0,0.00011826451027729945,0.0,0.0,0.0,0.0,1.6759429399826331e-06,0.0,4.003398352381282e-05,0.0,0.0,0.0,0.0,0.0,0.0,0.0,0.0,0.0,0.0,0.0
2,0.0,0.0,0.0,0.0,0.0,0.11011080604379231,0.0,0.0,0.11010875827525801,0.0,0.0,1.0495507297036966e-05,0.0,1.0495547073219313e-05,0.0,1.0317529202552578e-05,0.0,0.0,0.0,2.8756081960068514e-08,3.5779618912101796e-07,0.0,1.5641881658368106e-05,0.0,0.0,0.0,3.475406629149802e-10,0.0,2.6371835303962143e-05,0.0,0.0,2.6371487081178202e-05,0.0,3.086597644141875e-11
3,0.0,0.0,0.0,0.0,0.0,0.012131387288760287,0.0,0.0,0.01213130720052602,0.0,0.0,2.199121719570485e-05,0.0,2.19914917636288e-05,0.0,2.0824559726406733e-05,0.0,0.0,0.0,6.64123795957039e-08,3.0183290533614127e-08,0.0,2.601787852896109e-05,0.0,0.0,0.0,5.934452929068357e-11,0.0,0.0,0.0,0.0,0.0,0.0,3.410605131648481e-12
4,0.0,0.0,0.0,0.0,0.0,0.0019794813192626215,0.0,0.0,0.001978555703465057,0.0,0.0,0.0,0.0,0.0,0.0,0.0,0.0,0.0,0.0,0.0,1.1735782974753306e-05,0.0,1.0960847651730887e-05,0.0,0.0,1.8621904018800706e-10,1.7053025658242404e-13,0.0,0.0,0.0,0.0,0.0,0.0,1.496118784416467e-10
5,0.0,0.0,0.0,6.940945525002462e-07,4.3687340678388864e-07,6.980532162970121e-06,0.0,0.0,7.263007958613343e-06,0.0,0.0,0.0,0.0,0.0,0.0,0.0,0.0,0.0,0.0,1.27059607279989e-09,0.0,0.0,3.1002556433179507e-07,0.0,0.0,4.234834705130197e-11,9.00399754755199e-11,0.0,0.0,0.0,0.0,0.0,0.0,1.9161916497978382e-10
6,0.0,0.0,3.5447549201483852e-09,0.0,0.0,0.00015001841152218615,0.0,0.0,0.00014975649836462823,0.0,0.0,0.14569891291025172,0.0,0.1456940632437309,0.0,0.13950816149040435,0.0,0.0,0.0,0.0,6.591154932067411e-06,0.0,9.316740211851027e-05,0.0,0.0,2.5352164811920375e-11,0.0,0.0,0.0,0.0,0.0,0.0,0.0,0.0
7,0.0,0.0,2.815364842678747e-05,0.0,4.603175397299708e-06,0.0,0.0,0.0,0.0,0.0,0.0,0.0,0.0,0.0,0.0,0.0,0.0,0.0,0.0,9.044025617299667e-08,6.337822320290343e-07,0.0,9.140421972375634e-05,0.0,0.0,0.0,1.57513113663299e-10,0.0,0.0,0.0,0.0,0.0,0.0,1.4853526408842299e-08
8,0.0,0.0,0.0,1.2845256378568592e-06,0.0,0.0,0.0,0.0,0.0,0.0,0.0,0.0,0.0,0.0,0.0,0.0,0.0,0.0,0.0,3.4663738546214518e-09,3.484135646658615e-09,0.0,4.90987012824462e-07,0.0,0.0,1.199396137963049e-10,7.122480383259244e-11,0.0,0.0,0.0,0.0,0.0,0.0,0.0
9,0.0,0.0,1.2173738819787339e-06,0.0,0.0,0.0003152861162981635,0.0,0.0,0.0003156290018674901,0.0,0.0,0.0009557758325939858,0.0,0.000951639617028377,0.0,0.00022191173277974485,0.0,0.0,0.0,0.0,2.9842295674598063e-06,0.0,0.0001417226394906379,0.0,0.0,3.730065145646222e-10,0.0,0.0,0.0,0.0,0.0,0.0,0.0,3.6624214772018604e-10
10,0.0,0.0,0.0,2.605456168325304e-05,0.0,0.029074928809592393,0.0,0.0,0.02899843485324638,0.0,0.0,1.0862779333820072e-06,0.0,1.0902369780296794e-06,0.0,4.916986569014625e-07,0.0,0.0,0.0,0.0,0.0,0.0,4.8157853569819054e-05,0.0,0.0,0.0,0.0,0.0,0.0,0.0,0.0,0.0,0.0,0.0
11,0.0,0.0,2.1525199112026883e-07,0.0,0.0,0.0006978206008283472,0.0,0.0,0.0006936723429192826,0.0,0.0,0.0,0.0,0.0,0.0,0.0,0.0,0.0,0.0,0.0,1.48180716585955e-06,0.0,3.7876105507095303e-05,0.0,0.0,0.0,1.9269918993813917e-11,0.0,0.0,0.0,0.0,0.0,0.0,0.0
12,0.0,0.0,3.721283888369342e-06,0.0,0.0,0.0017513509439543995,0.0,0.0,0.0017553890959447482,0.0,0.0,0.0,0.0,0.0,0.0,0.0,0.0,0.0,0.0,0.0,2.512208437721597e-06,0.0,3.072674348025828e-05,0.0,0.0,4.990852175978944e-11,0.0,0.0,0.0,0.0,0.0,0.0,0.0,1.390390025335364e-10
13,0.0,0.0,9.633546045884067e-07,0.0,5.095163856383422e-07,0.00021487957348595432,0.0,0.0,0.00021446088532262042,0.0,0.0,0.01674699698743609,0.0,0.01669414167494665,0.0,0.010561429834737623,0.0,0.0,0.0,1.1682084984698804e-05,2.050072559534044e-05,0.0,0.00021286397218744924,0.0,0.0,7.785274647176266e-10,0.0,0.0,0.0,0.0,0.0,0.0,0.0,7.550340797024546e-09
14,0.0,0.0,0.0,2.1312310449772554e-07,0.0,0.0010852015655322678,0.0,0.0,0.001083741629185564,0.0,0.0,0.0,0.0,0.0,0.0,0.0,0.0,0.0,0.0,0.0,0.0,0.0,0.0001300163259525533,0.0,0.0,0.0,1.8144419300369918e-10,0.0,0.0,0.0,0.0,0.0,0.0,0.0
15,0.0,0.0,1.4920656329353577e-06,0.0,1.3016630571183185e-06,0.0009645940098036432,0.0,0.0,0.0009653639308767614,0.0,0.0,4.4907735343713284e-06,0.0,4.4742730551661225e-06,0.0,3.2047392721779033e-06,0.0,0.0,0.0,0.0,0.0,0.0,0.00015430198535959505,0.0,0.0,1.9628032532637008e-10,2.063416104647331e-11,0.0,0.0,0.0,0.0,0.0,0.0,2.3209167920867912e-10
16,0.0,0.0,9.75843756634287e-08,0.0,0.0,0.0002506240230205625,0.0,0.0,0.0002505836037682285,0.0,0.0,4.341414594910553e-05,0.0,4.336992216696922e-05,0.0,3.185263186233911e-05,0.0,0.0,0.0,7.764411655841741e-07,1.1551072693904985e-05,0.0,3.178152641503118e-05,0.0,0.0,0.0,0.0,0.0,0.0,0.0,0.0,0.0,0.0,6.252776074688882e-12
17,0.0,0.0,0.0,4.882146079410177e-05,0.0,0.0,0.0,0.0,0.0,0.0,0.0,0.0,0.0,0.0,0.0,0.0,0.0,0.0,6.407184720558234e-07,0.0,0.0,0.0,2.3580228969422024e-07,0.0,0.0,0.0,4.974061073426128e-05,0.0,0.013459878430182926,0.0,0.0,0.013452654553987031,0.0,0.0
18,0.0,0.0,0.0,3.655646169331561e-06,2.556581613077924e-08,0.002308341055313967,0.0,0.0,0.002305512727961645,0.0,0.0,0.00028982351413731067,0.0,0.00029059094909200667,0.0,0.00021741882733294915,0.0,0.0,0.0,3.4804783659581062e-06,1.1594867626030236e-06,0.0,7.629579612888904e-05,0.0,0.0,0.0,1.787725523172412e-10,0.0,0.0,0.0,0.0,0.0,0.0,0.0
19,0.0,0.0,0.0,0.0,0.0,0.00059748767565862,0.0,0.0,0.0005970916755148881,0.0,0.0,0.08646646321470541,0.0,0.08648492929299323,0.0,0.0763117816422465,0.0,0.0,0.0,0.0,0.0,0.0,7.014833651020069e-05,0.0,0.0,0.0,5.141487235960085e-10,0.0,0.0,0.0,0.0,0.0,0.0,0.0
20,0.0,0.0,0.0,1.5777024679142215e-05,1.0767016044077593e-05,0.00242591402058423,0.0,0.0,0.0024390808207717107,0.0,0.0,1.2470678711906658e-06,0.0,1.264609707618547e-06,0.0,0.0,0.0,0.0,0.0,0.0,0.0,0.0,6.096300477764771e-05,0.0,0.0,1.0617947054925025e-07,0.0,0.0,0.0,0.0,0.0,0.0,0.0,0.0
21,0.0,0.0,0.0,1.383678759847573e-06,3.1918677073639046e-07,0.0003253635167526636,0.0,0.0,0.00032592691002880647,0.0,0.0,0.0,0.0,0.0,0.0,0.0,0.0,0.0,0.0,3.1791658443580673e-06,0.0,0.0,3.553890408092286e-05,0.0,0.0,7.170797289290931e-10,4.404796527524013e-10,0.0,0.0,0.0,0.0,0.0,0.0,0.0
22,0.0,0.0,3.980344606357988e-06,1.2656633574525955e-06,5.246007963810584e-06,0.0021388369082429026,0.0,0.0,0.0021348252676691715,0.0,0.0,0.0,0.0,0.0,0.0,0.0,0.0,0.0,0.0,1.4315898191341603e-06,7.727583852812359e-07,0.0,2.76863349419898e-05,0.0,0.0,0.0,1.8041532712231856e-09,0.0,0.0,0.0,0.0,0.0,0.0,0.0
23,0.0,0.0,5.427315218797801e-06,0.0,0.0,0.0008398632381028115,0.0,0.0,0.0008398503796214207,0.0,0.0,1.3876415820845978e-05,0.0,1.3702517080105281e-05,0.0,0.0,0.0,0.0,0.0,8.93709039218038e-07,3.429056064874203e-06,0.0,4.861011300150153e-05,0.0,0.0,1.978150976356119e-11,9.43600753089413e-12,0.0,0.0,0.0,0.0,0.0,0.0,4.388311936054379e-11
24,0.0,0.0,4.381628528449255e-06,0.0,0.0,0.0,0.0,0.0,0.0,0.0,0.0,0.0,0.0,0.0,0.0,0.0,0.0,0.0,0.0,3.0752556057223046e-09,2.0243414056153597e-08,0.0,2.155471747755655e-07,0.0,0.0,1.1368683772161603e-12,1.5262457964126952e-10,0.0,0.0,0.0,0.0,0.0,0.0,2.510205376893282e-10
25,0.0,0.0,0.0,0.0,0.0,0.00014620477861498893,0.0,0.0,0.00014620667107795304,0.0,0.0,0.0014841557329532407,0.0,0.0014857133648149556,0.0,0.001158116976100132,0.0,0.0,0.0,0.0,2.000351348119267e-06,0.0,0.0,0.0,0.0,0.0,5.121592039358802e-11,0.0,0.0,0.0,0.0,0.0,0.0,0.0
26,0.0,0.0,0.0,3.6706732756686122e-06,6.756745662972463e-07,0.0007419455383935736,0.0,0.0,0.0007383812322272476,0.0,0.0,0.0,0.0,0.0,0.0,0.0,0.0,0.0,0.0,9.18853124431962e-06,0.0,0.0,7.650043899154468e-05,0.0,0.0,0.0,1.2568079910124652e-09,0.0,0.0,0.0,0.0,0.0,0.0,0.0
27,0.0,0.0,0.0,7.097402359157456e-07,6.769685367835621e-07,0.0,0.0,0.0,0.0,0.0,0.0,0.0011719884125795943,0.0,0.0011720354575430747,0.0,0.0,0.0,0.0,0.0,0.0,0.0,0.0,0.00035950647245641676,0.0,0.0,1.3244516594568267e-10,9.947598300641403e-12,0.0,0.0,0.0,0.0,0.0,0.0,1.3352519090403803e-10
28,0.0,0.0,0.0,7.059649523455391e-05,0.0,0.0,0.0,0.0,0.0,0.0,0.0,0.0,0.0,0.0,0.0,0.0,0.0,0.0,0.0,2.8200197732530796e-10,0.0,0.0,5.14831963727147e-07,0.0,0.0,0.0,4.265132247383008e-09,0.0,0.0,0.0,0.0,0.0,0.0,0.0
29,0.0,0.0,2.1758612273048428e-09,0.0,0.0,5.3498581126049105e-05,0.0,0.0,5.324129479676587e-05,0.0,0.0,0.009972681799780503,0.0,0.010062566364851477,0.0,0.005813321749002398,0.0,0.0,0.0,0.0,3.6478224885172494e-08,0.0,0.0,0.0,0.0,0.0,4.1950443119276315e-11,0.0,0.0,0.0,0.0,0.0,0.0,0.0
0,0.0,0.0,0.0,9.943434291503905e-07,0.0,0.0005017136306390002,0.0,0.0,0.0005016195573177562,0.0,0.0,0.0,0.0,0.0,0.0,0.0,0.0,0.0,0.0,0.0,0.0,0.0,0.00019544527405024326,0.0,0.0,0.0,0.0,0.0,0.0,0.0,0.0,0.0,0.0,0.0
1,0.0,0.0,4.561622560572687e-06,0.0,0.0,0.0,0.0,0.0,0.0,0.0,0.0,0.0,0.0,0.0,0.0,0.0,0.0,0.0,0.0,0.0,0.0,0.0,0.00011885485628226888,0.0,0.0,0.0,0.0,0.0,0.0,0.0,0.0,0.0,0.0,0.0
2,0.0,0.0,0.0,3.8129869029956964e-06,4.552767721710538e-07,0.0008858088926289032,0.0,0.0,0.0008850116858981627,0.0,0.0,0.005740662563283649,0.0,0.005785870340872634,0.0,0.004570166648491636,0.0,0.0,0.0,3.7227033899966955e-06,0.0,0.0,5.449425637138461e-05,0.0,0.0,8.452616384602152e-11,2.005322130571585e-09,0.0,0.0,0.0,0.0,0.0,0.0,0.0
3,0.0,0.0,0.0,0.0,0.0,0.009501863734509897,0.0,0.0,0.009507837636355099,0.0,0.0,1.8584870673521436e-06,0.0,1.8594817277062248e-06,0.0,1.3712182322933586e-06,0.0,0.0,0.0,8.148843786415227e-07,8.384302029540436e-06,0.0,3.28302154350979e-06,0.0,0.0,1.7575985111761838e-10,0.0,0.0,0.0,0.0,0.0,0.0,0.0,3.439026841078885e-11
4,0.0,0.0,1.0587511791726456e-06,8.436087282959193e-06,9.494838462131838e-06,0.0024985736504266054,0.0,0.0,0.002498587330470592,0.0,0.0,1.0716555465251076e-06,0.0,1.0701652541911244e-06,0.0,7.476063643707676e-07,0.0,0.0,0.0,1.0959303509139318e-06,4.3421063011805927e-07,0.0,5.534945371366007e-06,0.0,0.0,0.0,5.610991138382815e-08,0.0,0.0,0.0,0.0,0.0,0.0,0.0
5,0.0,0.0,0.0,0.0,0.0,0.0,0.0,0.0,0.0,0.0,0.0,0.0,0.0,0.0,0.0,0.0,0.0,0.0,0.0,0.0,0.0,0.0,0.0,0.0,0.0,5.491074261954054e-11,0.0,0.0,0.0,0.0,0.0,0.0,0.0,2.0293100533308461e-10
6,0.0,0.0,2.847316650456122e-06,4.123215614271203e-06,6.970532264727325e-06,0.0033473550054532453,0.0,0.0,0.0033392581856710457,0.0,0.0,0.0,0.0,0.0,0.0,0.0,0.0,0.0,0.0,0.0,0.0,0.0,4.912642852161753e-05,0.0,0.0,0.0,0.0,0.0,0.0,0.0,0.0,0.0,0.0,2.644924279593397e-09
7,0.0,0.0,2.4221152017389613e-07,0.0,0.0,0.0005235823491841485,0.0,0.0,0.0005189535547149848,0.0,0.0,0.0036005022754181937,0.0,0.003609690566690915,0.0,0.0,0.0,0.0,0.0,0.0,0.0,0.0,5.882860313732863e-05,0.0,0.0,7.66874563851161e-09,0.0,0.0,5.048294156040356e-06,0.0,0.0,5.036789332280023e-06,0.0,1.4844090401311405e-08
8,0.0,0.0,0.0,5.8355794304437714e-08,0.0,2.5813316496026834e-05,0.0,0.0,2.5809684403518135e-05,0.0,0.0,0.0003103528751452478,0.0,0.0003121595733528437,0.0,5.995691726534691e-05,0.0,0.0,0.0,0.0,3.165077771161151e-05,0.0,3.075255771278762e-05,0.0,0.0,2.233946361229755e-11,6.0822458181064576e-12,0.0,0.0,0.0,0.0,0.0,0.0,0.0
9,0.0,0.0,0.0,1.804625419432604e-06,1.6093779426906707e-06,0.0008021245811212774,0.0,0.0,0.0008004269155535981,0.0,0.0,0.0,0.0,0.0,0.0,0.0,0.0,0.0,0.0,7.162361548296303e-08,0.0,0.0,2.43233285779354e-05,0.0,0.0,0.0,1.6484591469634324e-12,0.0,0.0,0.0,0.0,0.0,0.0,0.0
10,0.0,0.0,0.0,0.0,0.0,0.011126255099597415,0.0,0.0,0.011040181801888593,0.0,0.0,0.0,0.0,0.0,0.0,0.0,0.0,0.0,0.0,0.0,1.6586039208732473e-08,0.0,3.029124346909384e-07,0.0,0.0,7.901235221652314e-11,1.3562839740188792e-10,0.0,0.0,0.0,0.0,0.0,0.0,0.0
11,0.0,0.0,1.6342202404651118e-06,0.0,0.0,0.0019463195339433081,0.0,0.0,0.0019458879663045714,0.0,0.0,0.0,0.0,0.0,0.0,0.0,0.0,0.0,0.0,0.0,1.53376419120832e-06,0.0,2.9587774122319388e-05,0.0,0.0,5.998117558192462e-10,9.271161616197787e-10,0.0,0.0,0.0,0.0,0.0,0.0,1.3169483281672e-09
12,0.0,0.0,2.643185562228867e-07,0.0,0.0,7.633210158296266e-05,0.0,0.0,7.076456624745264e-05,0.0,0.0,0.020162564445556086,0.0,0.02061766318237801,0.0,0.013367930022425867,0.0,0.0,0.0,0.0,1.072405855673253e-05,0.0,2.7798447558069483e-05,0.0,0.0,0.0,0.0,0.0,0.0,0.0,0.0,0.0,0.0,0.0
13,0.0,0.0,3.970582795886912e-06,0.0,3.4033620153195443e-06,0.0,0.0,0.0,0.0,0.0,0.0,0.0,0.0,0.0,0.0,0.0,0.0,0.0,0.0,2.162714451969805e-11,0.0,0.0,5.902133359825257e-08,0.0,0.0,3.162767825415358e-10,2.8990143619012088e-11,0.0,0.0,0.0,0.0,0.0,0.0,3.0303226594696753e-10
14,0.0,0.0,2.4935632933487106e-08,0.0,0.0,4.4301792520573535e-07,0.0,0.0,3.6562618797864044e-07,0.0,0.0,0.0006646081913146418,0.0,0.0006637722450761885,0.0,0.0,0.0,0.0,0.0,7.184349786193422e-07,0.0,0.0,0.0,0.0,0.0,0.0,5.467768460221123e-10,0.0,1.8758082603653747e-05,0.0,0.0,1.8719561808211438e-05,0.0,0.0
15,0.0,0.0,0.0,1.241063853552049e-05,1.2378347713948301e-05,0.006376087343118009,0.0,0.0,0.006380498499995113,0.0,0.0,4.036733258772074e-07,0.0,4.0367888232140103e-07,0.0,2.9545424240495777e-07,0.0,0.0,0.0,1.2289563144918247e-08,0.0,0.0,1.1536954881208317e-05,0.0,0.0,2.52467428091957e-08,0.0,0.0,0.0,0.0,0.0,0.0,0.0,3.517133560868718e-08
16,0.0,0.0,5.6730211010602716e-05,2.3809589009715637e-05,8.053980002031835e-05,0.008198456832303691,0.0,0.0,0.008236791057449011,0.0,0.0,0.0,0.0,0.0,0.0,0.0,0.0,0.0,0.0,2.081313260404727e-06,3.3556028373737945e-06,0.0,1.5039342407874301e-05,0.0,0.0,2.5693225325085223e-11,5.184119800105691e-11,0.0,0.0,0.0,0.0,0.0,0.0,0.0
17,0.0,0.0,8.323870162030289e-07,3.570638398286974e-07,1.1894508560317263e-06,0.0,0.0,0.0,0.0,0.0,0.0,0.0,0.0,0.0,0.0,0.0,0.0,0.0,0.0,0.0,0.0,0.0,7.1705414939060574e-09,0.0,0.0,3.864215614157729e-10,8.241158866439946e-10,0.0,0.0,0.0,0.0,0.0,0.0,7.469225238310173e-10
18,0.0,0.0,4.656061689534141e-07,0.0,0.0,0.0010504931046109167,0.0,0.0,0.0010490331187971158,0.0,0.0,0.0,0.0,0.0,0.0,0.0,0.0,0.0,0.0,0.0,0.0,0.0,9.75105082261507e-05,0.0,0.0,0.0,0.0,0.0,0.0,0.0,0.0,0.0,0.0,3.107061274931766e-10
19,0.0,0.0,0.0,2.077150451640364e-09,0.0,0.013106634842328102,0.0,0.0,0.01310700503814255,0.0,0.0,2.179715309580388e-06,0.0,2.1797458629180255e-06,0.0,1.952127320237196e-06,0.0,0.0,0.0,3.759471507436274e-07,0.0,0.0,1.7689406147880504e-05,0.0,0.0,8.899026941776647e-11,1.076472082046226e-12,0.0,2.2328173024614825e-06,0.0,0.0,2.232805963957779e-06,0.0,5.145590182241422e-11
20,0.0,0.0,0.0,3.426654083205083e-06,0.0,0.00012775572916476352,0.0,0.0,0.00012456056783903546,0.0,0.0,0.029280163460882136,0.0,0.03251487785232143,0.0,0.021196583961852866,0.0,0.0,0.0,0.0,1.7105448899101816e-05,0.0,0.00014660704722047058,0.0,0.0,4.036766654280655e-06,0.0,0.0,0.0,0.0,0.0,0.0,0.0,6.267216178912349e-06
21,0.0,0.0,0.0,1.816708848867421e-05,8.61119124895282e-06,0.49461129124159964,0.0,0.0,0.49461044481462757,0.0,0.0,0.0032456018021918,0.0,0.0032456495541310915,0.0,0.0031653715055455223,0.0,0.0,0.0,8.643395386087604e-07,4.3048660991473753e-07,0.0,0.00011236429776140255,0.0,0.0,0.0,7.297558113350533e-10,0.0,9.510049835625978e-06,0.0,0.0,9.509982703548303e-06,0.0,0.0
22,0.0,0.0,0.0,2.22189375431725e-06,0.0,0.0016917010116048736,0.0,0.0,0.00168830322456337,0.0,0.0,0.0,0.0,0.0,0.0,0.0,0.0,0.0,0.0,7.835220312557567e-07,3.4459599440594957e-07,0.0,7.320631623564111e-05,0.0,0.0,0.0,4.050662028021179e-10,0.0,0.0,0.0,0.0,0.0,0.0,0.0
23,0.0,0.0,1.9568509378176113e-07,0.0,1.1973518130453664e-07,5.131369992537882e-05,0.0,0.0,5.1166590880551144e-05,0.0,0.0,0.02014878962268085,0.0,0.020054749466581256,0.0,0.016903697216037017,0.0,0.0,0.0,0.0,0.0,0.0,2.366244473606116e-05,0.0,0.0,0.0,1.1937117960769683e-11,0.0,0.0,0.0,0.0,0.0,0.0,0.0
24,0.0,0.0,0.0,0.0,0.0,0.0001232050924898087,0.0,0.0,0.0001244750654348925,0.0,0.0,0.0,0.0,0.0,0.0,0.0,0.0,0.0,0.0,3.486865940871553e-06,6.160947544131545e-06,0.0,0.00023757382788502923,0.0,0.0,5.674110070685856e-10,2.1589130483334884e-10,0.0,0.0,0.0,0.0,0.0,0.0,2.2282620193436742e-11
25,0.0,0.0,9.211063922709428e-08,0.0,1.9959884023368346e-08,0.00012576321952412206,0.0,0.0,0.00012570104381373626,0.0,0.0,0.00841147946817955,0.0,0.008403962067859538,0.0,0.006118799323218127,0.0,0.0,0.0,0.0,7.666689505470003e-10,0.0,0.0,0.0,0.0,0.0,0.0,0.0,0.0,0.0,0.0,0.0,0.0,0.0
26,0.0,0.0,0.0,0.0,0.0,0.003107049715182164,0.0,0.0,0.00309210095420398,0.0,0.0,0.006761674049542421,0.0,0.006801090611503469,0.0,0.005291490124278653,0.0,0.0,0.0,0.0,0.0,0.0,2.3142260127784198e-05,0.0,0.0,0.0,0.0,0.0,0.0,0.0,0.0,0.0,0.0,0.0
27,0.0,0.0,0.0,0.0,0.0,0.0,0.0,0.0,0.0,0.0,0.0,6.1782784968045235e-06,0.0,6.1851909691768014e-06,0.0,0.0,0.0,0.0,0.0,2.4166895506994024e-07,0.0,0.0,0.0004286781946785112,0.0,0.0,6.323261914076284e-10,1.4551915228366852e-10,0.0,0.0,0.0,0.0,0.0,0.0,6.501750249299221e-10
28,0.0,0.0,0.0,9.792759044557897e-06,3.574778872916795e-07,0.0,0.0,0.0,0.0,0.0,0.0,0.0,0.0,0.0,0.0,0.0,0.0,0.0,0.0,4.884910254077113e-10,6.699142574007055e-09,0.0,7.309656169240952e-08,0.0,0.0,9.066525308298878e-11,3.3446667657699436e-10,0.0,0.0,0.0,0.0,0.0,0.0,1.7570300769875757e-10
29,0.0,0.0,0.0,0.0,0.0,0.0014124129340293834,0.0,0.0,0.0014126112697213644,0.0,0.0,0.0006085334841827716,0.0,0.0006087666386491719,0.0,0.0004999876368003697,0.0,0.0,0.0,0.0,1.9566777247348455e-06,0.0,8.875652716788807e-05,0.0,0.0,2.4164137357729487e-10,0.0,0.0,1.32341710923356e-08,0.0,0.0,1.2152327144576702e-08,0.0,2.8421709430404007e-12
0,0.0,0.0,9.478352420155822e-07,0.0,0.0,0.0006244169571569813,0.0,0.0,0.0005993099993482076,0.0,0.0,0.0,0.0,0.0,0.0,0.0,0.0,0.0,0.0,0.0,0.0,0.0,2.4908693772474066e-05,0.0,0.0,0.0,0.0,0.0,0.0,0.0,0.0,0.0,0.0,0.0
1,0.0,0.0,0.0,3.1545974197300097e-06,4.089658443007238e-07,0.0014025304229166036,0.0,0.0,0.0013992103474291806,0.0,0.0,0.0,0.0,0.0,0.0,0.0,0.0,0.0,0.0,2.8212274898464784e-06,3.931137992907452e-07,0.0,8.479785909187854e-05,0.0,0.0,0.0,1.91562321560923e-10,0.0,0.0,0.0,0.0,0.0,0.0,0.0
2,0.0,0.0,0.0,0.0,0.0,0.0014356895203855302,0.0,0.0,0.0014361567083758242,0.0,0.0,0.0,0.0,0.0,0.0,0.0,0.0,0.0,0.0,0.0,1.4392657057271663e-06,0.0,1.54013113320417e-05,0.0,0.0,3.694822225952521e-11,0.0,0.0,0.0,0.0,0.0,0.0,0.0,0.0
3,0.0,0.0,0.0,7.63920654688055e-06,1.0092705521325129e-07,6.655187428573905e-05,0.0,0.0,6.65597095076409e-05,0.0,0.0,0.0007756036189761062,5.244408443161319e-05,0.0009174721232483307,0.0,0.0005436199833752653,0.0,0.0,0.0,8.388825266436584e-06,0.0,0.0,0.0,0.0,0.0,7.2612831303331404e-09,8.119755534607975e-09,0.0,0.0,0.0,0.0,0.0,0.0,5.28903143504067e-10
4,0.0,0.0,0.0,8.700062208433224e-07,0.0,0.0018186765137533367,0.0,0.0,0.0018187003472969199,0.0,0.0,0.0,0.0,0.0,0.0,0.0,0.0,0.0,0.0,8.429162239309562e-07,0.0,0.0,1.3634401577533595e-05,0.0,0.0,1.1993961379630491e-11,1.1181100489920937e-10,0.0,0.0,0.0,0.0,0.0,0.0,0.0
5,0.0,0.0,0.0,0.0,0.0,0.0006695476573952419,0.0,0.0,0.0006667572018699275,0.0,0.0,0.0,0.0,0.0,0.0,0.0,0.0,0.0,0.0,0.0,0.0,0.0,9.189776051243825e-09,0.0,0.0,0.0,2.2225776774575934e-11,0.0,0.0,0.0,0.0,0.0,0.0,0.0
6,0.0,0.0,7.309254712595248e-06,0.0,0.0,0.02326686094249908,0.0,0.0,0.023274212109374304,0.0,0.0,0.0,0.0,0.0,0.0,0.0,0.0,0.0,0.0,0.0,0.0,0.0,0.00013140512880305266,0.0,0.0,1.8246737454319373e-11,0.0,0.0,0.0,0.0,0.0,0.0,0.0,2.6858515411731787e-10
7,0.0,0.0,0.0,0.0,0.0,0.0002931645481561995,0.0,0.0,0.00029241649284134086,0.0,0.0,0.011990672318637152,0.0,0.011892484223782418,0.0,0.0,0.0,0.0,0.0,0.0,2.012231572479095e-06,0.0,0.0001207837724965799,0.0,0.0,1.30569333123276e-10,3.979039320256561e-12,0.0,0.0,0.0,0.0,0.0,0.0,1.3579892765847035e-10
8,0.0,0.0,5.5830819665203535e-06,1.8855182517540925e-06,7.468600218274446e-06,0.0037887425680884768,0.0,0.0,0.0037812653506730243,0.0,0.0,6.203429482809497e-05,0.0,6.193518804309406e-05,0.0,3.5936228414357174e-05,0.0,0.0,0.0,0.0,0.0,0.0,8.252882982695553e-05,0.0,0.0,0.0,0.0,0.0,0.0,0.0,0.0,0.0,0.0,1.4336251297208946e-08
9,0.0,0.0,3.344481531364352e-05,0.0,0.0,0.0,0.0,0.0,0.0,0.0,0.0,0.0,0.0,0.0,0.0,0.0,0.0,0.0,0.0,0.0,2.1358039798968775e-06,0.0,0.0,0.0,0.0,0.0,0.0,0.0,0.0,0.0,0.0,0.0,0.0,0.0
10,0.0,0.0,0.0,0.0,0.0,0.000811950025344288,0.0,0.0,0.0008130540490758342,0.0,0.0,0.0,0.0,0.0,0.0,0.0,0.0,0.0,0.0,0.0,0.0,0.0,3.085995672336139e-05,0.0,0.0,9.707719073048793e-10,0.0,0.0,0.0,0.0,0.0,0.0,0.0,0.0
11,0.0,0.0,0.0,0.0,0.0,0.000600246763450718,0.0,0.0,0.0006000769113884419,0.0,0.0,0.026822671189506764,0.0,0.026830450269258677,0.0,0.02245505095807232,0.0,0.0,0.0,0.0,0.0,0.0,0.00011684401731315575,0.0,0.0,0.0,1.4267698134062812e-11,0.0,0.0,0.0,0.0,0.0,0.0,0.0
12,0.0,0.0,0.0,0.0,0.0,0.007446813081026571,0.0,0.0,0.007446562907712728,0.0,0.0,0.00014446556133407285,0.0,0.0001444681970781403,0.0,0.00013386512245006088,0.0,0.0,0.0,4.015845966875986e-08,2.9277287083573356e-07,0.0,1.537665629491869e-05,0.0,0.0,1.766693458193913e-10,0.0,0.0,0.0,0.0,0.0,0.0,0.0,6.252776074688882e-12
13,0.0,0.0,0.0,0.00021878216607218448,0.0,0.003859185668341869,0.0,0.0,0.0038705494702142573,0.0,0.0,0.0,0.0,0.0,0.0,0.0,0.0,0.0,0.0,1.72787395058549e-07,0.0,0.0,8.81334850255655e-06,0.0,0.0,5.223059262871033e-06,1.2043888979462736e-06,0.0,0.0,0.0,0.0,0.0,0.0,4.693911241027138e-06
14,0.0,0.0,0.0,5.507532985782326e-06,1.377649147871196e-06,0.0011243866354998522,0.0,0.0,0.00112677394739924,0.0,0.0,0.0,0.0,0.0,0.0,0.0,0.0,0.0,0.0,8.051918776175171e-08,0.0,0.0,1.1028228707132826e-05,0.0,0.0,1.0429565634240134e-05,2.20043460785746e-06,0.0,0.0035372712093248992,0.0,0.0,0.0035439584368077703,0.0,0.0
15,0.0,0.0,0.0,2.2208645334975685e-06,0.0,0.0008206218545570021,0.0,0.0,0.0008175176540563545,0.0,0.0,0.004545518414971639,0.0,0.004597415849403319,0.0,0.0026942433054841786,0.0,0.0,0.0,3.6302632704376947e-06,1.7765431330474257e-06,0.0,4.479956315250888e-05,0.0,0.0,0.0,5.816787052026484e-10,0.0,0.0,0.0,0.0,0.0,0.0,0.0
16,0.0,0.0,0.0,0.0,0.0,2.6672467917050746e-05,0.0,0.0,2.614579012420737e-05,0.0,0.0,0.035402016002432646,0.0,0.03619268478188786,0.0,0.021841147162355412,0.0,0.0,0.0,0.0,4.2234215236192085e-06,0.0,0.0002379073164728851,0.0,0.0,0.0,7.514852313761367e-07,0.0,0.0,0.0,0.0,0.0,0.0,0.0
17,0.0,0.0,0.0,4.035197337337593e-05,0.0,0.02020799746457591,0.0,0.0,0.020175856964939953,0.0,0.0,1.2174220998417695e-05,0.0,1.223671903005652e-05,0.0,8.892478888355981e-06,0.0,0.0,0.0,3.946467597160108e-07,0.0,0.0,1.578029370996603e-05,0.0,0.0,0.0,9.799805411603302e-11,0.0,0.0,0.0,0.0,0.0,0.0,0.0
18,0.0,0.0,0.0,0.0,0.0,0.004304192218635983,0.0,0.0,0.004306838781020783,0.0,0.0,1.5394649466315968e-06,0.0,1.5458282263125511e-06,0.0,8.835602045564883e-07,0.0,0.0,0.0,2.0280019441543118e-08,1.967734769792173e-06,0.0,8.385568012414524e-06,0.0,0.0,9.868017514236271e-11,9.86233317235019e-11,0.0,0.0,0.0,0.0,0.0,0.0,0.0
19,0.0,0.0,2.2349975293822766e-06,0.0,0.0,0.00033225584750551374,0.0,0.0,0.0003314781288226154,0.0,0.0,4.97967121759757e-07,0.0,4.688140506914351e-07,0.0,0.0,0.0,0.0,0.0,0.0,3.800180877533421e-06,0.0,0.00014378260836522827,0.0,0.0,0.0,0.0,0.0,0.0,0.0,0.0,0.0,0.0,0.0
20,0.0,0.0,0.0,0.0,0.0,0.0,0.0,0.0,0.0,0.0,0.0,0.0,0.0,0.0,0.0,0.0,0.0,0.0,0.0,0.0,0.0,0.0,6.65014546648024e-05,0.0,0.0,1.120383785746526e-10,0.0,0.0,0.0,0.0,0.0,0.0,0.0,2.0480683815549128e-10
21,0.0,0.0,6.0911039421185365e-06,6.354635919691987e-06,1.2445739861810523e-05,0.003667761663429747,0.0,0.0,0.0036557330262807497,0.0,0.0,0.0,0.0,0.0,0.0,0.0,0.0,0.0,0.0,0.0,0.0,0.0,0.0,0.0,0.0,0.0,0.0,0.0,0.0,0.0,0.0,0.0,0.0,2.4772361939540133e-10
22,0.0,0.0,0.0,3.1363814601004236e-07,0.0,0.0,0.0,0.0,0.0,0.0,0.0,0.006945873649613077,0.0,0.006973505724431561,0.0,0.0,0.0,0.0,0.0,4.394014124997625e-06,1.6928618542522145e-06,0.0,0.0008638797891631356,0.0,0.0,0.0,1.7365664461976849e-10,0.0,0.0,0.0,0.0,0.0,0.0,0.0
23,0.0,0.0,0.0,0.0,0.0,0.0,0.0,0.0,0.0,0.0,0.0,0.003497433322905863,0.0,0.003498031984960903,0.0,0.0,0.0,0.0,0.0,0.0,0.0,0.0,0.0,0.0,0.0,4.001776687800884e-11,0.0,0.0,0.0,0.0,0.0,0.0,0.0,0.0
24,0.0,0.0,0.0,0.0002846990004954364,0.00022130535225528547,0.054543456124392264,0.0,0.0,0.05435983833108793,0.0,0.0,2.9820412805747765e-08,0.0,2.9871500828448916e-08,0.0,1.1874703886860516e-08,0.0,0.0,0.0,0.0,0.0,0.0,2.1089592152634395e-06,0.0,0.0,0.0,0.0,0.0,0.0,0.0,0.0,0.0,0.0,0.0
25,0.0,0.0,0.0,0.0,0.0,0.028873792585278446,0.0,0.0,0.028875151098402663,0.0,0.0,0.0015358871376065508,0.0,0.0015359865397783778,0.0,0.001499312208082415,0.0,0.0,0.0,0.0,0.0,0.0,4.614399065339114e-05,0.0,0.0,1.8570744941825978e-10,0.0,0.0,0.0,0.0,0.0,0.0,0.0,0.0
26,0.0,0.0,0.0,0.0,0.0,0.0022134806398783624,0.0,0.0,0.0022127927087742805,0.0,0.0,0.00022113113227817394,0.0,0.00022113639742826763,0.0,0.00019705261041735866,0.0,0.0,0.0,2.7947742964329336e-07,9.458052296906772e-08,0.0,1.7822855468807575e-05,0.0,0.0,0.0,0.0,0.0,0.0,0.0,0.0,0.0,0.0,0.0
27,0.0,0.0,0.0,0.0,0.0,0.00014958872560422165,0.0,0.0,0.00014969825648319945,0.0,0.0,4.11159681590334e-05,0.0,4.110421575376222e-05,0.0,0.0,0.0,0.0,0.0,0.0,1.745380706807964e-05,0.0,0.00031336826640071536,0.0,0.0,4.729372449219227e-11,0.0,0.0,0.0,0.0,0.0,0.0,0.0,2.1373125491663814e-11
28,0.0,0.0,0.0,3.660982885733688e-06,3.9092871695345366e-07,0.0040306727773744555,0.0,0.0,0.00404274925413084,0.0,0.0,0.0,0.0,0.0,0.0,0.0,0.0,0.0,0.0,3.8784679290415625e-07,2.5151510385512665e-07,0.0,5.645190226388763e-06,0.0,0.0,4.0727741179580335e-09,1.3260432751849294e-09,0.0,0.0,0.0,0.0,0.0,0.0,1.805801730370149e-09
29,0.0,0.0,0.0,5.173260433366522e-06,7.221608910867872e-07,0.0,0.0,0.0,0.0,0.0,0.0,0.0,0.0,0.0,0.0,0.0,0.0,0.0,0.0,0.0,0.0,0.0,2.10887221818723e-06,0.0,0.0,9.72022462519817e-12,0.0,0.0,0.0,0.0,0.0,0.0,0.0,2.5067947717616335e-11
30,0.0,0.0,0.0,0.0,0.0,0.0003262666370414946,0.0,0.0,0.00032637325884360413,0.0,0.0,1.446701332952216e-06,0.0,1.4600369837580729e-06,0.0,0.0,0.0,0.0,0.0,2.5923761075574703e-06,1.6392476707594028e-05,0.0,0.00040175576154588555,0.0,0.0,6.491518433904275e-11,1.7627144188736565e-10,0.0,0.0,0.0,0.0,0.0,0.0,0.0
31,0.0,0.0,0.0,1.5792971006511891e-06,2.7750055842101773e-07,0.0,0.0,0.0,0.0,0.0,0.0,0.0,0.0,0.0,0.0,0.0,0.0,0.0,0.0,2.4952729660299156e-06,0.0,0.0,0.03429666698649925,0.0,0.0,1.5722889656899497e-10,1.8241053112433292e-10,0.0,0.0,0.0,0.0,0.0,0.0,0.0
32,0.0,0.0,7.92875063115872e-06,0.0,8.649211804545587e-07,0.0029676676647762967,0.0,0.0,0.0029671899822547587,0.0,0.0,0.0,0.0,0.0,0.0,0.0,0.0,0.0,0.0,0.0,0.0,0.0,1.8641623356074888e-05,0.0,0.0,0.0,0.0,0.0,0.0,0.0,0.0,0.0,0.0,4.3797854232252575e-10
33,0.0,0.0,0.0,0.00010116904927315318,9.695958084421363e-06,0.0,0.0,0.0,0.0,0.0,0.0,0.0,0.0,0.0,0.0,0.0,0.0,0.0,0.0,6.413191755427761e-09,0.0,0.0,0.0,0.0,0.0,1.2825580597564112e-09,5.504489308805205e-09,0.0,0.0,0.0,0.0,0.0,0.0,0.0
34,0.0,0.0,0.0,0.0,0.0,0.0002676477547940981,0.0,0.0,0.00026632292664829915,0.0,0.0,0.01810034300888219,0.0,0.01803452895384794,0.0,0.014184226000978128,0.0,0.0,0.0,0.0,2.2312421066317256e-07,0.0,4.811136109594827e-05,0.0,0.0,0.0,0.0,0.0,0.0,0.0,0.0,0.0,0.0,0.0
35,0.0,0.0,0.0,0.0,0.0,5.679029483086906e-05,0.0,0.0,5.671333557094593e-05,0.0,0.0,0.008462724539640476,0.0,0.008464779836415914,0.0,0.006668591652413625,0.0,0.0,0.0,0.0,1.6207374091692373e-06,0.0,2.8643734843569746e-05,0.0,0.0,1.2221335055073723e-11,2.5642066248110496e-10,0.0,0.0,0.0,0.0,0.0,0.0,5.9685589803848416e-12
36,0.0,0.0,0.0003259388983849476,0.0,1.2405298662088171e-05,0.02523275923859103,0.0,0.0,0.02519446327808339,0.0,0.0,0.0,0.0,0.0,0.0,0.0,0.0,0.0,0.0,0.0,0.0,0.0,4.13622496608923e-06,0.0,0.0,0.0,0.0,0.0,0.0,0.0,0.0,0.0,0.0,1.247713043994736e-10
37,0.0,0.0,0.00028755932312662935,0.0,0.00025310533550282344,0.0,0.0,0.0,0.0,0.0,0.0,0.0,0.0,0.0,0.0,0.0,0.0,0.0,0.0,0.0,0.0,0.0,9.09985736008423e-06,0.0,0.0,1.8104628907167353e-10,0.0,0.0,0.0,0.0,0.0,0.0,0.0,4.405364961712621e-10
38,0.0,0.0,0.0,0.0,0.0,4.201719360637582e-06,0.0,0.0,4.192311278200349e-06,0.0,0.0,0.0035727207183526843,0.0,0.003594914512774494,0.0,0.0014309987519993683,0.0,0.0,0.0,0.0,0.0,0.0,0.0,0.0,0.0,0.0,2.8745716917910613e-10,0.0,0.0,0.0,0.0,0.0,0.0,0.0
39,0.0,0.0,0.0,1.9776055293352357e-08,0.0,9.00286253332494e-05,0.0,0.0,8.782053599007411e-05,0.0,0.0,0.0035759271679722815,0.0,0.0035863018451181006,0.0,0.0,0.0,0.0,0.0,4.100286107089346e-06,0.0,0.0,0.00030640273463866663,0.0,0.0,0.0,3.3514879760332406e-10,0.0,0.0,0.0,0.0,0.0,0.0,0.0
40,0.0,0.0,2.674564542060054e-07,1.0434653863744536e-06,1.310921840580459e-06,0.00055609751238761,0.0,0.0,0.000557011528103224,0.0,0.0,7.403932812621861e-06,0.0,7.3940900904290174e-06,0.0,5.465390614745047e-06,0.0,0.0,0.0,3.8059895821618284e-06,0.0,0.0,4.820962500140524e-05,0.0,0.0,5.6218141253339127e-11,3.922195901395753e-11,0.0,0.0,0.0,0.0,0.0,0.0,1.1539214028744027e-11
41,0.0,0.0,3.2080458123306954e-08,0.0,0.0,0.0011502293322893098,0.0,0.0,0.001151012036333443,0.0,0.0,0.0011345430563807213,0.0,0.001134516249464923,0.0,0.0010503350900989972,0.0,0.0,0.0,0.0,0.0,0.0,1.3518185262739735e-05,0.0,0.0,1.0453504728502594e-10,0.0,0.0,0.0,0.0,0.0,0.0,0.0,2.3419488570652902e-11
42,0.0,0.0,0.0,5.807781226496722e-07,4.6022753791286064e-07,0.000504160322214231,0.0,0.0,0.0005031352927670207,0.0,0.0,0.002394039455069219,0.0,0.0023944378435913904,0.0,0.002060512880845522,0.0,0.0,0.0,2.36175345591505e-06,0.0,0.0,3.753469882994409e-05,0.0,0.0,0.0,1.6410695025115274e-10,0.0,0.0,0.0,0.0,0.0,0.0,0.0
43,0.0,0.0,3.948412367060783e-07,0.0,0.0,0.0005276039310124769,0.0,0.0,0.0005275690951366263,0.0,0.0,0.002005955004506177,0.0,0.0020043480413960424,0.0,0.0008862906560551664,0.0,0.0,0.0,0.0,5.102320503880264e-07,0.0,0.00018696024659803356,0.0,0.0,9.834479897108395e-10,0.0,0.0,0.0,0.0,0.0,0.0,0.0,2.416868483123835e-09
44,0.0,0.0,0.0,1.1326737076045035e-07,0.0,0.00014124461463527194,0.0,0.0,0.00014110742888540084,0.0,0.0,4.134244876752291e-05,0.0,4.146975645369366e-05,0.0,0.0,0.0,0.0,0.0,1.2439249063689317e-05,1.3096758785025031e-05,0.0,0.00043197140408590684,0.0,0.0,0.0,5.020979187975172e-10,0.0,0.0,0.0,0.0,0.0,0.0,0.0
45,0.0,0.0,2.077907979014526e-08,7.31599249057524e-05,7.318070398554255e-05,0.0,0.0,0.0,0.0,0.0,0.0,0.0,0.0,0.0,0.0,0.0,0.0,0.0,0.0,0.0,0.0,0.0,0.0,0.0,0.0,3.4998492992599495e-10,0.0,0.0,0.0,0.0,0.0,0.0,0.0,5.800870894745458e-10
46,0.0,0.0,2.080475381527336e-06,0.0,1.8428010005733242e-06,0.0004384385301882121,0.0,0.0,0.0004384217889089048,0.0,0.0,6.211345644079741e-05,0.0,6.177555799635748e-05,0.0,5.4080187080370046e-05,0.0,0.0,0.0,7.998104875284184e-06,1.0255139098802601e-05,0.0,3.953347314045175e-05,0.0,0.0,0.0,1.357534529233817e-09,0.0,0.0,0.0,0.0,0.0,0.0,0.0
47,0.0,0.0,0.0,0.0,0.0,0.010728040621195811,0.0,0.0,0.010726675424360899,0.0,0.0,0.0002676575361704181,0.0,0.000267661031458033,0.0,0.0002413846823969834,0.0,0.0,0.0,0.0,7.423560356656367e-06,0.0,1.331812200078275e-06,0.0,0.0,1.6484591469634324e-12,7.560174708487466e-12,0.0,0.0,0.0,0.0,0.0,0.0,0.0
48,0.0,0.0,1.5438757645647172e-06,6.075865672805492e-07,2.1514623318452664e-06,0.002305732756205048,0.0,0.0,0.002302522794861428,0.0,0.0,3.566739508187311e-07,0.0,3.560070496178014e-07,0.0,2.7618742137747176e-07,0.0,0.0,0.0,0.0,2.5016715579084803e-06,0.0,7.927843915567223e-06,0.0,0.0,0.0,1.4333295439428184e-08,0.0,0.0,0.0,0.0,0.0,0.0,0.0
49,0.0,0.0,0.0,1.007586294399232e-05,1.5346909223445948e-06,0.0044822349515407645,0.0,0.0,0.004493201296289939,0.0,0.0,0.0,0.0,0.0,0.0,0.0,0.0,0.0,0.0,3.06434232655306e-07,9.030366143747415e-08,0.0,7.565696501288244e-06,0.0,0.0,9.408836376678664e-09,9.460279670747695e-09,0.0,0.0,0.0,0.0,0.0,0.0,0.0
50,0.0,0.0,2.4623902750153803e-06,0.0,0.0,0.0005957378694938509,0.0,0.0,0.0005953864613731374,0.0,0.0,6.279925818830634e-05,0.0,6.254249687742686e-05,0.0,1.3770674414104178e-05,0.0,0.0,0.0,0.0,5.706516470027623e-06,0.0,0.0001221006350622389,0.0,0.0,0.0,0.0,0.0,0.0,0.0,0.0,0.0,0.0,2.190972736570984e-09
51,0.0,0.0,0.0,3.162660297157684e-12,0.0,8.01588757997055e-09,0.0,0.0,8.017352447109747e-09,0.0,0.0,1.8172845235323032e-05,0.0,1.8201570889976593e-05,0.0,2.304527743149376e-06,0.0,0.0,0.0,0.0,0.0,0.0,0.0,0.0,0.0,2.7853275241795927e-12,2.2680524125462398e-11,0.0,0.0,0.0,0.0,0.0,0.0,2.6716406864579767e-12
52,0.0,0.0,3.595599834316232e-06,3.302479320232976e-06,6.898079154549208e-06,0.003043675255087308,0.0,0.0,0.00303362818180819,0.0,0.0,0.0,0.0,0.0,0.0,0.0,0.0,0.0,0.0,2.157104717070979e-09,0.0,0.0,2.375411890831458e-05,0.0,0.0,0.0,1.7621459846850485e-12,0.0,0.0,0.0,0.0,0.0,0.0,0.0
53,0.0,0.0,0.0,0.00017181151359935143,5.0041708192338774e-05,0.006322748746619311,0.0,0.0,0.006518653531060181,0.0,0.0,0.0,0.0,0.0,0.0,0.0,0.0,0.0,0.0,7.102241390555264e-07,0.0,0.0,0.0,0.0,0.0,1.149373929365538e-09,1.3405951904132962e-09,0.0,0.0,0.0,0.0,0.0,0.0,4.546336640487425e-10
54,0.0,0.0,5.501508201777305e-07,0.0,0.0,0.0002611174888074719,0.0,0.0,0.000260046518241408,0.0,0.0,0.007575234055636315,0.0,0.007539071165794553,0.0,0.0014483141781198583,0.0,0.0,0.0,0.0,4.404250688594402e-07,0.0,0.00015107183369167387,0.0,0.0,0.0,4.5150727601139806e-10,0.0,0.0,0.0,0.0,0.0,0.0,0.0
55,0.0,0.0,0.0,0.0,0.0,0.0,0.0,0.0,0.0,0.0,0.0,0.0,0.0,0.0,0.0,0.0,0.0,0.0,0.0,0.0,2.4744004711863e-07,0.0,0.0,0.0,0.0,0.0,0.0,0.0,0.0,0.0,0.0,0.0,0.0,2.7853275241795927e-11
56,0.0,0.0,0.0,1.375521974184002e-06,0.0,0.0002959273524463235,0.0,0.0,0.00029617072555232493,0.0,0.0,0.0030937549404654874,0.0,0.003115864989780448,0.0,0.0025729117540436164,0.0,0.0,0.0,1.6891613112690607e-05,0.0,0.0,0.0001675982136060128,0.0,0.0,5.557694748858921e-09,2.7292230697639752e-08,0.0,0.0,0.0,0.0,0.0,0.0,0.0
57,0.0,0.0,3.5657543737133146e-08,0.0,0.0,1.8748520390996642e-05,0.0,0.0,1.868832538725468e-05,0.0,0.0,0.027493873812936442,0.0,0.027409596778745993,0.0,0.012476849890035169,0.0,0.0,0.0,0.0,8.976612016375896e-06,0.0,5.6689849231794653e-05,0.0,0.0,1.0317080523236655e-10,2.5579538487363607e-12,0.0,0.0,0.0,0.0,0.0,0.0,1.1368683772161603e-10
58,0.0,0.0,1.782098307312463e-06,0.0,6.806977459472563e-08,0.0003020043828922403,0.0,0.0,0.0003010138473777957,0.0,0.0,0.002144105062384938,0.0,0.0021300813838536214,0.0,0.0006289211361263369,0.0,0.0,0.0,0.0,0.0,0.0,0.00011180693423185062,0.0,0.0,0.0,0.0,0.0,0.0,0.0,0.0,0.0,0.0,5.668425728799775e-10
59,0.0,0.0,0.0,0.0,0.0,0.0,0.0,0.0,0.0,0.0,0.0,0.016054912449519065,0.0,0.016085182771263362,0.0,0.0,0.0,0.0,0.0,0.0,6.243180123988168e-07,0.0,0.0015137072709965338,0.0,0.0,0.0,0.0,0.0,0.0,0.0,0.0,0.0,0.0,0.0
60,0.0,0.0,2.1361475910364192e-07,5.744870507085054e-07,7.881018098121473e-07,0.0012375786053208104,0.0,0.0,0.0012371054989585017,0.0,0.0,1.0527953676842117e-05,0.0,1.0525485237167231e-05,0.0,8.861992668585117e-06,0.0,0.0,0.0,0.0,0.0,0.0,9.070085098983327e-06,0.0,0.0,0.0,8.185452315956354e-12,0.0,0.0,0.0,0.0,0.0,0.0,0.0
61,0.0,0.0,2.526303085614856e-06,1.952417349793123e-06,4.478720435407979e-06,0.0014421440374823291,0.0,0.0,0.0014417515398990055,0.0,0.0,0.0,0.0,0.0,0.0,0.0,0.0,0.0,0.0,1.7206962255045255e-07,1.2475146331070164e-05,0.0,3.563176562337844e-05,0.0,0.0,1.750777300912887e-11,5.292122295941226e-11,0.0,0.0,0.0,0.0,0.0,0.0,0.0
62,0.0,0.0,0.0,0.0,0.0,0.0,0.0,0.0,0.0,0.0,0.0,0.0,0.0,0.0,0.0,0.0,0.0,0.0,0.0,3.492404587746023e-09,3.2470577338017392e-09,0.0,3.257758276475897e-07,0.0,0.0,2.5256667868234217e-09,0.0,0.0,0.0,0.0,0.0,0.0,0.0,5.164793037693016e-10
63,0.0,0.0,0.0,1.0987473153534211e-07,0.0,0.0046159686104767506,0.0,0.0,0.004615562533563322,0.0,0.0,6.813894714241542e-06,0.0,6.816857336389148e-06,0.0,5.774771750566288e-06,0.0,0.0,0.0,5.324448437704632e-09,0.0,0.0,9.229592480508586e-06,0.0,0.0,0.0,9.237055564881302e-11,0.0,0.0,0.0,0.0,0.0,0.0,0.0
64,0.0,0.0,0.0,0.0,0.0,0.000642288006905245,0.0,0.0,0.000638782179620101,0.0,0.0,0.0,0.0,0.0,0.0,0.0,0.0,0.0,0.0,1.8573051061565593e-06,3.307378982242426e-06,0.0,0.00011132739974684114,0.0,0.0,0.0,4.3712589103961363e-11,0.0,0.0,0.0,0.0,0.0,0.0,0.0
65,0.0,0.0,0.0,2.3561830597707e-06,0.0,0.004105253934898467,0.0,0.0,0.0040952986922251355,0.0,0.0,0.0,0.0,0.0,0.0,0.0,0.0,0.0,0.0,2.4122373254442664e-07,0.0,0.0,1.5432634389966893e-05,0.0,0.0,0.0,3.362345069035655e-09,0.0,0.0,0.0,0.0,0.0,0.0,0.0
66,0.0,0.0,1.2153370587686396e-07,0.0,0.0,0.0,0.0,0.0,0.0,0.0,0.0,0.0,0.0,0.0,0.0,0.0,0.0,0.0,0.0,0.0,8.827918144937996e-06,0.0,0.0,0.0,0.0,0.0,0.0,0.0,0.0,0.0,0.0,0.0,0.0,1.3244516594568267e-11
67,0.0,0.0,0.0,0.0,0.0,0.0006716470371627148,0.0,0.0,0.000671182446761176,0.0,0.0,0.003438749829911103,0.0,0.0034450054561432353,0.0,0.0022308748643524723,0.0,0.0,0.0,1.7355915016281642e-07,1.73028885974702e-06,0.0,9.430372450047741e-06,0.0,0.0,0.0,1.2755663192365319e-08,0.0,0.0,0.0,0.0,0.0,0.0,0.0
68,0.0,0.0,6.852267957491165e-07,3.462931765785271e-07,1.0315199723276436e-06,0.06781184339717372,0.0,0.0,0.06781351714348016,0.0,0.0,0.003017716095669698,0.0,0.0030176858473254242,0.0,0.0030019793635034375,0.0,0.0,0.0,0.0,0.0,0.0,1.7769919901766684e-05,0.0,0.0,1.8690116121433675e-10,0.0,0.0,0.0,0.0,0.0,0.0,0.0,1.8025048120762222e-10
69,0.0,0.0,4.987566126768428e-06,3.805571245463213e-06,8.79313737223164e-06,0.001983642386365281,0.0,0.0,0.0019859471621521685,0.0,0.0,0.0,0.0,0.0,0.0,0.0,0.0,0.0,0.0,7.372378885150965e-07,1.0727036201529927e-06,0.0,1.8745568668876444e-05,0.0,0.0,8.159304343280382e-10,1.0971348274324555e-09,0.0,0.0,0.0,0.0,0.0,0.0,0.0
70,0.0,0.0,2.7833701280594036e-07,0.0,2.969030965527253e-08,4.296234741292537e-05,0.0,0.0,4.2818959098904485e-05,0.0,0.0,0.001988355407249287,0.0,0.0019475694114419184,0.0,0.0011450915248190086,0.0,0.0,0.0,0.0,0.0,0.0,0.0,0.0,0.0,0.0,0.0,0.0,0.0,0.0,0.0,0.0,0.0,2.3969732865225524e-09
71,0.0,0.0,1.2296064855199518e-07,0.0,0.0,0.0020193460850301825,0.0,0.0,0.0020065661932793244,0.0,0.0,0.0,0.0,0.0,0.0,0.0,0.0,0.0,0.0,0.0,4.354634285164138e-06,0.0,1.3364153268469181e-05,0.0,0.0,0.0,0.0,0.0,0.0,0.0,0.0,0.0,0.0,1.7769252735888585e-10
72,0.0,0.0,0.0,5.223655624442269e-07,1.6641894939883883e-07,6.0990763913096324e-05,0.0,0.0,6.124347109849604e-05,0.0,0.0,0.00022493867471951035,0.0,0.00022923477932579317,0.0,0.0,0.0,0.0,0.0,0.0,0.0,0.0,0.0,0.0,0.0,1.1001645816577366e-08,1.5057821656228043e-09,0.0,0.0,0.0,0.0,0.0,0.0,8.318579602928367e-09
73,0.0,0.0,0.0,1.4016058599963799e-05,1.397605358022247e-05,0.0,0.0,0.0,0.0,0.0,0.0,0.0,0.0,0.0,0.0,0.0,0.0,0.0,0.0,5.1106649578969154e-08,0.0,0.0,7.710766864121865e-06,0.0,0.0,3.9807446228223853e-10,1.7678303265711293e-10,0.0,0.0,0.0,0.0,0.0,0.0,0.0
74,0.0,0.0,0.0,0.0,0.0,0.004173725746143386,0.0,0.0,0.004160426799816985,0.0,0.0,0.0004795875399850047,0.0,0.0004802744402780945,0.0,0.00035460330892078673,0.0,0.0,0.0,0.0,7.247821578459934e-07,0.0,2.047172164765243e-05,0.0,0.0,0.0,2.8705926524708048e-11,0.0,0.0,0.0,0.0,0.0,0.0,1.3358203432289883e-11
75,0.0,0.0,0.0,0.0,0.0,0.0045279900102310755,0.0,0.0,0.004515056639138315,0.0,0.0,0.0,0.0,0.0,0.0,0.0,0.0,0.0,0.0,0.0,2.3332726243552315e-05,0.0,0.0,0.0,0.0,0.0,2.098659024341032e-10,0.0,0.0,0.0,0.0,0.0,0.0,0.0
76,0.0,0.0,1.0421333938026578e-06,0.0,0.0,0.11279878438245206,0.0,0.0,0.11280180125116956,0.0,0.0,5.212806473764431e-05,0.0,5.2127509277966055e-05,0.0,5.129695321670624e-05,0.0,0.0,0.0,0.0,2.4371610507500918e-08,0.0,9.134446472103264e-06,0.0,0.0,2.2680524125462398e-11,0.0,0.0,0.0,0.0,0.0,0.0,0.0,4.5361048250924796e-11
77,0.0,0.0,1.0273711430475174e-06,0.0,0.0,7.46089212577683e-06,0.0,0.0,0.0,0.0,0.0,0.008908702336057672,0.0,0.008733052146524756,0.0,0.0,0.0,0.0,0.0,0.0,8.310804044953102e-07,0.0,0.0006021745701332293,0.0,0.0,0.0,0.0,0.0,0.0,0.0,0.0,0.0,0.0,1.0442136044730432e-10
78,0.0,0.0,7.258611873783849e-07,0.0,3.593936980239576e-07,0.0007061026342828902,0.0,0.0,0.0007071198572608517,0.0,0.0,4.830052859006173e-06,0.0,4.820041681341536e-06,0.0,3.7057356507830264e-06,0.0,0.0,0.0,0.0,0.0,0.0,4.217058788746897e-05,0.0,0.0,5.4569682106375694e-11,0.0,0.0,0.0,0.0,0.0,0.0,0.0,7.668177204323001e-11
79,0.0,0.0,0.0,0.0,0.0,0.0175087422124669,0.0,0.0,0.017624478509876695,0.0,0.0,0.0,0.0,0.0,0.0,0.0,0.0,0.0,0.0,0.0,0.0,0.0,7.353187003289463e-06,0.0,0.0,3.3761011763999704e-09,0.0,0.0,0.0,0.0,0.0,0.0,0.0,2.2344579519995023e-09
80,0.0,0.0,0.0,0.0,0.0,0.0020685808787153093,0.0,0.0,0.0020681153031336663,0.0,0.0,0.0,0.0,0.0,0.0,0.0,0.0,0.0,0.0,0.0,8.688198338546727e-07,0.0,1.133138331255168e-05,0.0,0.0,5.3944404498906806e-11,0.0,0.0,0.0,0.0,0.0,0.0,0.0,1.4165379980113357e-10
81,0.0,0.0,5.920674790438341e-07,0.0,4.563160160842017e-07,0.027249954756265016,0.0,0.0,0.027249444102973808,0.0,0.0,5.774031534144797e-05,0.0,5.773905544970148e-05,0.0,5.1818879100551385e-05,0.0,0.0,0.0,1.1148867962162967e-07,1.386413668313935e-07,0.0,4.0597643870654565e-05,0.0,0.0,0.0,0.0,0.0,0.0,0.0,0.0,0.0,0.0,0.0
82,0.0,0.0,0.0,0.00010524186605209707,5.8593721782074226e-05,0.038370673909327024,0.0,0.0,0.03827860482078904,0.0,0.0,0.0,0.0,0.0,0.0,0.0,0.0,0.0,0.0,0.0,0.0,0.0,1.2291750936199719e-05,0.0,0.0,0.0,0.0,0.0,0.0,0.0,0.0,0.0,0.0,4.547473508864641e-13
83,0.0,0.0,0.0,1.094301289028543e-06,7.648491203715579e-07,0.0007055235344513022,0.0,0.0,0.0007054246895493721,0.0,0.0,3.61639332879804e-06,0.0,3.6315875320269697e-06,0.0,0.0,0.0,0.0,0.0,2.528782570010435e-07,0.0,0.0,2.226018721529499e-05,0.0,0.0,0.0,2.7114310796605423e-11,0.0,0.0,0.0,0.0,0.0,0.0,1.9736035028472543e-10
84,0.0,0.0,2.1925102462461155e-06,9.395824333680025e-06,1.158833457992614e-05,0.012265748675728716,0.0,0.0,0.012260050105446396,0.0,0.0,0.0,0.0,0.0,0.0,0.0,0.0,0.0,0.0,0.0,0.0,0.0,2.54185490433656e-06,0.0,0.0,0.0,0.0,0.0,0.0,0.0,0.0,0.0,0.0,4.5650949687114917e-10
85,0.0,0.0,9.340081341679962e-08,0.0,0.0,0.0006370610867266757,0.0,0.0,0.0006369813921022205,0.0,0.0,0.01650964077020234,0.0,0.016441974399731052,0.0,0.010887058422119011,0.0,0.0,0.0,0.0,1.44342780821205e-05,0.0,0.00012674360899467274,0.0,0.0,1.1482370609883219e-10,0.0,0.0,0.0,0.0,0.0,0.0,0.0,1.0413714335300028e-10
86,0.0,0.0,0.0,0.0,0.0,0.00606732081591943,0.0,0.0,0.006061098430141243,0.0,0.0,1.819107339429138e-06,0.0,1.823151023927494e-06,0.0,1.1490398037494742e-06,0.0,0.0,0.0,0.0,1.3378337904157434e-06,0.0,1.3479373389913007e-05,0.0,0.0,0.0,0.0,0.0,2.8373606028253562e-05,0.0,0.0,2.8088458066122257e-05,0.0,6.897840876263217e-08
87,0.0,0.0,0.0,0.0,0.0,0.006082283381690701,0.0,0.0,0.006211132660645546,0.0,0.0,0.0,0.0,0.0,0.0,0.0,0.0,0.0,0.0,0.0,1.3731380530401793e-06,0.0,0.0,0.0,0.0,4.702087608166039e-10,1.800799509510398e-10,0.0,0.0,0.0,0.0,0.0,0.0,6.842242328275461e-10
88,0.0,0.0,5.556957869967682e-07,0.0,4.61206253576929e-07,0.00045219578238270275,0.0,0.0,0.0004523299264640457,0.0,0.0,0.00689409357947568,0.0,0.0070122348111993915,0.0,0.0054340980443328135,0.0,0.0,0.0,0.0,3.058687709955876e-05,0.0,7.689610714400885e-06,0.0,0.0,1.1664269550237805e-10,6.622258297284134e-11,0.0,0.0,0.0,0.0,0.0,0.0,0.0
89,0.0,0.0,9.81014876333397e-07,4.961552302340522e-08,1.0306303993568022e-06,0.0008489806796789789,0.0,0.0,0.0008476315122054601,0.0,0.0,0.0,0.0,0.0,0.0,0.0,0.0,0.0,0.0,0.0,0.0,0.0,7.039603323200083e-05,0.0,0.0,0.0,0.0,0.0,0.00017444220912106456,0.0,0.0,0.00017471476235944236,0.0,0.0
90,0.0,0.0,6.282747964547752e-06,0.0,5.334207010321279e-06,0.0051063929117800555,0.0,0.0,0.00510746933021089,0.0,0.0,1.7562409198035311e-06,0.0,1.7172546762367347e-06,0.0,0.0,0.0,0.0,0.0,0.0,3.0559031767296574e-06,0.0,3.5961537140138944e-05,0.0,0.0,1.5126033758861013e-10,1.779199010343291e-11,0.0,0.0,0.0,0.0,0.0,0.0,0.0
91,0.0,0.0,6.438942354192179e-06,0.0,0.0,0.001886788116164606,0.0,0.0,0.0018818325312532913,0.0,0.0,0.0005009583442756593,0.0,0.0004943043448264461,0.0,0.0,0.0,0.0,0.0,0.0,0.0,0.0,2.4386542575527415e-05,0.0,0.0,5.326228347257711e-11,0.0,0.0,0.0,0.0,0.0,0.0,0.0,8.759570846450515e-11
92,0.0,0.0,0.0,8.375582782660373e-06,0.0,0.0014155082819640175,0.0,0.0,0.0014168564609495782,0.0,0.0,0.0,0.0,0.0,0.0,0.0,0.0,0.0,0.0,1.470374577650091e-07,0.0,0.0,8.629482351807383e-06,0.0,0.0,5.721864226870821e-08,0.0,0.0,0.0,0.0,0.0,0.0,0.0,0.0
93,0.0,0.0,0.0,3.125366611733682e-06,5.362556318999623e-07,0.0,0.0,0.0,0.0,0.0,0.0,0.0,0.0,0.0,0.0,0.0,0.0,0.0,0.0,0.0,0.0,0.0,0.0001316083704416826,0.0,0.0,2.984279490192421e-11,0.0,0.0,0.0,0.0,0.0,0.0,0.0,1.688249540165998e-11
94,0.0,0.0,2.1607152667080243e-07,0.0,6.692338017089128e-08,0.0019711876719339383,0.0,0.0,0.0019707623803106866,0.0,0.0,0.0,0.0,0.0,0.0,0.0,0.0,0.0,0.0,0.0,0.0,0.0,0.00012393030732660293,0.0,0.0,0.0,7.344169716816396e-11,0.0,0.0,0.0,0.0,0.0,0.0,0.0
95,0.0,0.0,0.0,5.402112943642123e-07,0.0,0.17015730742139556,0.0,0.0,0.17015887298614096,0.0,0.0,6.9010756931220385e-06,0.0,6.901186836216766e-06,0.0,6.79240073964138e-06,0.0,0.0,0.0,0.0,0.0,0.0,4.284278031008171e-06,0.0,0.0,1.1823431123048067e-11,0.0,0.0,0.0,0.0,0.0,0.0,0.0,5.5933924159035087e-11
96,0.0,0.0,1.4886813023626266e-08,0.0,1.1276368980933649e-08,6.787940302828942e-06,0.0,0.0,6.775598993162893e-06,0.0,0.0,0.0,0.0,0.0,0.0,0.0,0.0,0.0,0.0,5.399721070276087e-08,0.0,0.0,0.0,0.0,0.0,0.0,0.0,0.0,0.0,0.0,0.0,0.0,0.0,0.0
97,0.0,0.0,2.7165817020335936e-06,2.0226922825550275e-07,2.9188509302890964e-06,0.001059191946078064,0.0,0.0,0.0010558665529827316,0.0,0.0,2.2728244175596046e-08,0.0,2.0694571389867633e-08,0.0,0.0,0.0,0.0,0.0,6.874759321817692e-07,3.58143353196283e-07,0.0,2.3949673950696138e-05,0.0,0.0,0.0,6.452823757101267e-11,0.0,0.0,0.0,0.0,0.0,0.0,1.1432406562227049e-11
98,0.0,0.0,0.0,0.0,0.0,0.0014695768441401746,0.0,0.0,0.0014656340188370365,0.0,0.0,0.0,0.0,0.0,0.0,0.0,0.0,0.0,0.0,1.582442727965372e-07,1.6595763909776906e-06,0.0,0.0001178043654110894,0.0,0.0,0.0,1.0800249583553523e-11,0.0,0.0,0.0,0.0,0.0,0.0,0.0
99,0.0,0.0,0.0,2.6558494885087214e-05,1.5677264687319337e-05,0.0033852181715459118,0.0,0.0,0.003384347038037916,0.0,0.0,0.0,0.0,0.0,0.0,0.0,0.0,0.0,0.0,0.0,0.0,0.0,0.00022869928324986688,0.0,0.0,2.1231852542769047e-07,0.0,0.0,0.002005368292827825,0.0,0.0,0.002043308472764238,0.0,2.0321339775364322e-06
